StudyHours,Attendance,Extracurricular,Internet,Gender,LearningStyle,OnlineCourses,Discussions,Assignment Score,ExamScore,tutorial
19,64,0,1,0,2,8,1,59,40,0
19,64,0,1,0,3,16,0,90,66,0
19,64,0,1,0,1,19,0,67,99,1
19,64,1,1,0,2,8,1,59,40,0
19,64,1,1,0,3,16,0,90,66,0
19,64,1,1,0,1,19,0,67,99,1
19,64,1,1,0,2,8,1,59,40,0
24,98,0,1,1,0,3,0,65,46,1
24,98,0,1,1,0,0,1,71,83,1
24,98,0,1,1,1,5,1,61,95,1
24,98,1,1,1,0,3,0,65,46,1
24,98,1,1,1,0,0,1,71,83,1
24,98,1,1,1,1,5,1,61,95,1
24,98,0,0,1,0,3,0,65,46,1
24,98,0,0,1,0,0,1,71,83,1
24,98,0,0,1,1,5,1,61,95,1
29,89,1,1,1,0,17,1,75,54,1
29,89,1,1,1,2,4,1,59,42,1
29,89,1,1,1,0,1,0,96,62,1
29,89,1,1,1,0,17,1,75,54,1
29,89,1,1,1,2,4,1,59,42,1
29,89,1,1,1,0,1,0,96,62,1
19,92,1,1,0,3,12,1,63,40,1
19,92,1,1,0,2,3,0,86,94,1
19,92,0,1,0,3,12,1,63,40,1
19,92,0,1,0,2,3,0,86,94,1
19,92,1,1,0,3,12,1,63,40,1
19,92,1,1,0,2,3,0,86,94,1
19,92,1,1,0,3,12,1,63,40,1
19,92,1,1,0,2,3,0,86,94,1
19,92,0,1,0,3,12,1,63,40,1
19,92,0,1,0,2,3,0,86,94,1
29,84,1,1,1,2,10,1,57,48,1
29,84,1,1,1,2,14,0,74,60,1
29,84,1,1,1,2,10,1,57,48,1
29,84,1,1,1,2,14,0,74,60,1
25,78,1,1,1,2,17,0,91,58,1
25,78,1,1,1,2,17,0,91,58,1
17,94,0,1,1,3,3,1,74,92,0
17,94,0,1,1,3,3,1,74,92,0
17,94,0,1,1,3,3,1,74,92,0
17,94,1,1,1,3,3,1,74,92,0
17,94,0,1,1,3,3,1,74,92,0
17,94,1,1,1,3,3,1,74,92,0
17,94,1,1,1,3,3,1,74,92,0
23,98,1,1,1,2,5,0,65,58,0
23,98,1,1,1,1,4,1,100,93,0
23,98,1,1,1,2,5,0,65,58,0
23,98,1,1,1,1,4,1,100,93,0
23,98,0,1,1,2,5,0,65,58,0
23,98,0,1,1,1,4,1,100,93,0
23,98,0,1,1,2,5,0,65,58,0
23,98,0,1,1,1,4,1,100,93,0
23,98,1,1,1,2,5,0,65,58,0
23,98,1,1,1,1,4,1,100,93,0
17,80,0,0,1,1,13,1,68,73,0
17,80,0,0,1,3,11,1,64,69,1
17,80,0,0,1,0,7,1,68,87,1
17,80,0,0,1,0,12,0,64,88,1
17,80,0,0,1,1,0,1,73,78,1
17,80,0,1,1,1,13,1,68,73,0
17,80,0,1,1,3,11,1,64,69,1
17,80,0,1,1,0,7,1,68,87,1
17,80,0,1,1,0,12,0,64,88,1
17,80,0,1,1,1,0,1,73,78,1
17,80,0,1,1,1,13,1,68,73,0
17,80,0,1,1,3,11,1,64,69,1
17,80,0,1,1,0,7,1,68,87,1
21,83,1,1,1,0,7,1,77,96,1
21,83,1,1,1,2,1,0,66,86,0
21,83,1,1,1,0,7,1,77,96,1
21,83,0,1,1,2,1,0,66,86,0
21,83,0,1,1,0,7,1,77,96,1
9,82,1,1,1,3,17,0,55,40,1
9,82,1,1,1,3,13,0,73,46,1
10,78,1,1,1,2,5,0,71,68,1
10,78,1,1,1,3,17,0,85,78,1
17,68,0,1,0,3,0,1,75,42,1
17,68,0,1,0,2,4,1,87,64,1
17,68,0,1,0,3,19,1,88,49,1
17,68,1,1,0,3,0,1,75,42,1
17,68,1,1,0,2,4,1,87,64,1
17,68,1,1,0,3,19,1,88,49,1
17,68,0,1,0,3,0,1,75,42,1
17,68,0,1,0,2,4,1,87,64,1
17,68,0,1,0,3,19,1,88,49,1
17,68,1,1,0,3,0,1,75,42,1
17,68,1,1,0,2,4,1,87,64,1
17,68,1,1,0,3,19,1,88,49,1
21,65,1,1,0,3,1,1,54,54,1
21,65,1,1,0,1,2,1,96,78,0
21,65,1,0,0,3,1,1,54,54,1
21,65,1,0,0,1,2,1,96,78,0
8,99,0,1,0,2,9,1,99,97,0
8,99,0,1,0,1,4,1,89,54,1
8,99,0,1,0,3,6,1,59,91,0
8,99,1,1,0,2,9,1,99,97,0
8,99,1,1,0,1,4,1,89,54,1
8,99,1,1,0,3,6,1,59,91,0
12,72,1,1,0,1,15,1,58,100,0
12,72,1,1,0,2,20,1,51,42,1
12,72,1,1,0,1,5,0,61,73,1
12,72,1,1,0,1,15,1,58,100,0
12,72,1,1,0,2,20,1,51,42,1
12,72,1,1,0,1,5,0,61,73,1
12,72,0,1,0,1,15,1,58,100,0
12,72,0,1,0,2,20,1,51,42,1
12,72,0,1,0,1,5,0,61,73,1
12,72,1,1,0,1,15,1,58,100,0
12,72,1,1,0,2,20,1,51,42,1
12,72,1,1,0,1,5,0,61,73,1
12,72,0,1,0,1,15,1,58,100,0
12,72,0,1,0,2,20,1,51,42,1
12,72,0,1,0,1,5,0,61,73,1
21,65,1,1,1,0,0,0,93,95,1
21,65,1,0,1,0,0,0,93,95,1
21,65,0,1,1,0,0,0,93,95,1
21,65,0,1,1,0,0,0,93,95,1
21,65,1,1,1,0,0,0,93,95,1
21,65,0,1,1,0,0,0,93,95,1
21,65,1,1,1,0,0,0,93,95,1
21,65,0,1,1,0,0,0,93,95,1
24,68,0,1,1,2,13,1,78,61,1
24,68,0,1,1,2,13,1,78,61,1
24,68,1,1,1,2,13,1,78,61,1
24,68,1,1,1,2,13,1,78,61,1
24,68,1,1,1,2,13,1,78,61,1
24,68,1,1,1,2,13,1,78,61,1
24,68,1,0,1,2,13,1,78,61,1
24,68,1,1,1,2,13,1,78,61,1
21,84,1,1,0,0,11,0,79,56,1
21,84,0,1,0,0,11,0,79,56,1
21,84,0,1,0,0,11,0,79,56,1
21,84,1,1,0,0,11,0,79,56,1
21,84,1,1,0,0,11,0,79,56,1
18,94,1,1,1,0,0,1,83,93,1
18,94,1,1,1,1,17,1,55,51,1
18,94,1,1,1,0,0,1,83,93,1
18,94,1,1,1,1,17,1,55,51,1
18,94,1,1,1,0,0,1,83,93,1
18,94,1,1,1,1,17,1,55,51,1
18,94,1,1,1,0,0,1,83,93,1
18,94,1,1,1,1,17,1,55,51,1
18,94,0,1,1,0,0,1,83,93,1
18,94,0,1,1,1,17,1,55,51,1
18,94,1,0,1,0,0,1,83,93,1
18,94,1,0,1,1,17,1,55,51,1
18,94,1,1,1,0,0,1,83,93,1
18,94,1,1,1,1,17,1,55,51,1
11,98,1,1,1,0,11,0,77,81,1
11,98,1,1,1,2,7,1,94,52,1
11,98,1,1,1,0,12,0,58,87,0
11,98,1,1,1,0,11,0,77,81,1
11,98,1,1,1,2,7,1,94,52,1
11,98,1,1,1,0,12,0,58,87,0
16,70,1,1,1,2,7,1,94,84,1
16,70,1,1,1,0,20,0,89,83,1
16,70,1,1,1,2,20,1,53,86,1
16,70,1,1,1,2,7,1,94,84,1
16,70,1,1,1,0,20,0,89,83,1
16,70,1,1,1,2,20,1,53,86,1
16,70,1,1,1,2,7,1,94,84,1
16,70,1,1,1,0,20,0,89,83,1
16,70,1,1,1,2,20,1,53,86,1
17,78,1,1,0,1,14,1,84,59,0
17,78,1,1,0,3,9,0,90,85,1
17,78,1,1,0,1,20,1,58,85,0
17,78,0,1,0,1,14,1,84,59,0
17,78,0,1,0,3,9,0,90,85,1
17,78,0,1,0,1,20,1,58,85,0
17,78,0,1,0,1,14,1,84,59,0
17,78,0,1,0,3,9,0,90,85,1
17,78,0,1,0,1,20,1,58,85,0
17,78,0,0,0,1,14,1,84,59,0
17,78,0,0,0,3,9,0,90,85,1
17,78,0,0,0,1,20,1,58,85,0
17,78,1,1,0,1,14,1,84,59,0
17,78,1,1,0,3,9,0,90,85,1
17,78,1,1,0,1,20,1,58,85,0
26,61,1,1,0,2,20,0,69,99,1
26,61,1,1,0,2,20,0,69,99,1
26,61,1,0,0,2,20,0,69,99,1
22,86,1,1,1,0,9,0,60,47,1
22,86,0,1,1,0,9,0,60,47,1
22,86,0,1,1,3,6,1,73,55,1
22,86,0,1,1,1,8,0,100,87,1
22,86,0,1,1,3,7,1,86,96,1
22,86,1,1,1,0,9,0,60,47,1
22,86,1,1,1,3,6,1,73,55,1
22,86,1,1,1,1,8,0,100,87,1
22,86,1,1,1,3,7,1,86,96,1
9,77,0,1,1,3,4,1,63,76,1
9,77,0,1,1,2,3,1,61,65,1
9,77,0,1,1,1,16,0,51,66,1
9,77,0,1,1,3,4,1,63,76,1
9,77,0,1,1,2,3,1,61,65,1
9,77,0,1,1,1,16,0,51,66,1
9,77,1,1,1,3,4,1,63,76,1
9,77,1,1,1,2,3,1,61,65,1
9,77,1,1,1,1,16,0,51,66,1
9,77,0,1,1,3,4,1,63,76,1
9,77,0,1,1,2,3,1,61,65,1
9,77,0,1,1,1,16,0,51,66,1
22,71,1,1,1,0,18,0,71,52,1
22,71,0,1,1,0,18,0,71,52,1
22,71,0,1,1,0,18,0,71,52,1
22,71,1,1,1,0,18,0,71,52,1
22,71,1,1,1,0,18,0,71,52,1
22,71,1,1,1,0,18,0,71,52,1
22,71,1,1,1,0,18,0,71,52,1
18,68,0,1,1,0,20,0,93,92,0
18,68,0,1,1,3,20,0,55,98,0
18,68,0,1,1,0,20,0,93,92,0
18,68,0,1,1,3,20,0,55,98,0
18,68,1,1,1,0,20,0,93,92,0
18,68,1,1,1,3,20,0,55,98,0
18,68,1,1,1,0,20,0,93,92,0
18,68,1,1,1,3,20,0,55,98,0
18,68,1,1,1,0,20,0,93,92,0
18,68,1,1,1,3,20,0,55,98,0
18,68,1,1,1,0,20,0,93,92,0
18,68,1,1,1,3,20,0,55,98,0
18,68,1,1,1,0,20,0,93,92,0
18,68,1,1,1,3,20,0,55,98,0
18,68,0,1,1,0,20,0,93,92,0
18,68,0,1,1,3,20,0,55,98,0
18,68,1,1,1,0,20,0,93,92,0
18,68,1,1,1,3,20,0,55,98,0
16,86,1,1,1,1,10,1,92,94,1
16,86,1,1,1,2,15,1,100,98,1
16,86,1,1,1,1,15,0,60,92,1
16,86,0,1,1,1,10,1,92,94,1
16,86,0,1,1,2,15,1,100,98,1
16,86,0,1,1,1,15,0,60,92,1
16,86,1,1,1,1,10,1,92,94,1
16,86,1,1,1,2,15,1,100,98,1
16,86,1,1,1,1,15,0,60,92,1
16,86,1,1,1,1,10,1,92,94,1
16,86,1,1,1,2,15,1,100,98,1
16,86,1,1,1,1,15,0,60,92,1
16,86,0,1,1,1,10,1,92,94,1
16,86,0,1,1,2,15,1,100,98,1
16,86,0,1,1,1,15,0,60,92,1
16,86,0,1,1,1,10,1,92,94,1
16,86,0,1,1,2,15,1,100,98,1
16,86,0,1,1,1,15,0,60,92,1
24,77,0,1,0,0,13,1,99,66,0
24,77,0,1,0,1,13,0,82,51,1
24,77,0,1,0,3,16,0,76,62,1
24,77,0,1,0,2,10,1,71,62,0
24,77,0,1,0,0,13,1,99,66,0
24,77,0,1,0,1,13,0,82,51,1
24,77,0,1,0,3,16,0,76,62,1
24,77,0,1,0,2,10,1,71,62,0
24,77,0,1,0,0,13,1,99,66,0
24,77,0,1,0,1,13,0,82,51,1
24,77,0,1,0,3,16,0,76,62,1
24,77,0,1,0,2,10,1,71,62,0
26,67,1,1,0,1,0,1,91,82,0
26,67,1,1,0,0,15,0,75,43,1
26,67,1,1,0,0,0,1,100,63,1
26,67,0,1,0,1,0,1,91,82,0
26,67,0,1,0,0,15,0,75,43,1
26,67,0,1,0,0,0,1,100,63,1
26,67,1,1,0,1,0,1,91,82,0
26,67,1,1,0,0,15,0,75,43,1
26,67,1,1,0,0,0,1,100,63,1
26,67,0,1,0,1,0,1,91,82,0
26,67,0,1,0,0,15,0,75,43,1
26,67,0,1,0,0,0,1,100,63,1
26,67,1,1,0,1,0,1,91,82,0
26,67,1,1,0,0,15,0,75,43,1
26,67,1,1,0,0,0,1,100,63,1
26,88,1,1,1,3,4,1,98,62,1
26,88,1,1,1,1,9,0,55,50,1
26,88,1,1,1,2,4,1,54,54,1
26,88,0,1,1,3,4,1,98,62,1
26,88,0,1,1,1,9,0,55,50,1
26,88,0,1,1,2,4,1,54,54,1
26,88,0,1,1,3,4,1,98,62,1
26,88,0,1,1,1,9,0,55,50,1
26,88,0,1,1,2,4,1,54,54,1
26,88,1,1,1,3,4,1,98,62,1
26,88,1,1,1,1,9,0,55,50,1
26,91,1,1,1,3,18,0,54,88,0
26,91,1,1,1,3,17,1,80,89,1
26,91,1,1,1,0,5,1,95,69,0
26,91,1,1,1,3,18,0,54,88,0
26,91,1,1,1,3,17,1,80,89,1
26,91,0,1,1,0,5,1,95,69,0
26,91,0,1,1,3,18,0,54,88,0
26,91,0,1,1,3,17,1,80,89,1
17,87,0,1,0,0,3,0,66,45,1
17,87,0,1,0,2,18,0,86,90,1
17,87,1,1,0,0,3,0,66,45,1
17,87,1,1,0,2,18,0,86,90,1
17,87,1,1,0,0,3,0,66,45,1
17,87,1,1,0,2,18,0,86,90,1
17,87,1,1,0,0,3,0,66,45,1
17,87,1,1,0,2,18,0,86,90,1
17,87,1,1,0,0,3,0,66,45,1
17,87,1,1,0,2,18,0,86,90,1
17,87,1,1,0,0,3,0,66,45,1
17,87,1,1,0,2,18,0,86,90,1
17,87,1,1,0,0,3,0,66,45,1
17,87,1,1,0,2,18,0,86,90,1
17,87,1,1,0,0,3,0,66,45,1
17,87,1,1,0,2,18,0,86,90,1
19,65,1,1,1,0,16,1,60,46,1
19,65,1,1,1,0,16,1,60,46,1
19,65,1,1,1,0,16,1,60,46,1
19,65,1,1,1,0,16,1,60,46,1
19,65,0,1,1,0,16,1,60,46,1
19,65,0,1,1,0,16,1,60,46,1
19,65,1,1,1,0,16,1,60,46,1
19,65,0,1,1,0,16,1,60,46,1
19,65,1,1,1,0,16,1,60,46,1
13,88,1,1,1,1,14,1,84,88,1
13,88,1,1,1,1,6,1,79,47,0
13,88,1,1,1,1,14,1,84,88,1
13,88,1,1,1,1,6,1,79,47,0
13,78,1,1,1,3,2,1,96,50,0
13,78,1,1,1,3,16,0,62,42,0
13,78,1,1,1,3,0,1,63,54,0
13,78,1,1,1,1,17,1,100,71,1
13,78,1,1,1,3,2,1,96,50,0
13,78,1,1,1,3,16,0,62,42,0
13,78,1,1,1,3,0,1,63,54,0
13,78,1,1,1,1,17,1,100,71,1
13,78,1,1,1,3,2,1,96,50,0
13,78,1,1,1,3,16,0,62,42,0
13,78,1,1,1,3,0,1,63,54,0
13,78,1,1,1,1,17,1,100,71,1
13,78,1,1,1,3,2,1,96,50,0
13,78,1,1,1,3,16,0,62,42,0
13,78,1,1,1,3,0,1,63,54,0
13,78,1,1,1,1,17,1,100,71,1
28,66,1,1,1,3,7,0,79,97,1
28,66,1,1,1,3,14,1,63,91,1
28,66,1,1,1,2,5,0,85,41,1
28,66,1,1,1,3,7,0,79,97,1
28,66,1,1,1,3,14,1,63,91,1
28,66,1,1,1,2,5,0,85,41,1
28,66,0,1,1,3,7,0,79,97,1
28,66,0,1,1,3,14,1,63,91,1
28,66,0,1,1,2,5,0,85,41,1
20,86,1,1,1,3,8,1,89,53,0
20,86,1,1,1,3,8,1,89,53,0
20,86,1,1,1,3,8,1,89,53,0
20,86,0,1,1,3,8,1,89,53,0
20,86,0,1,1,3,8,1,89,53,0
20,86,0,1,1,3,8,1,89,53,0
20,86,1,1,1,3,8,1,89,53,0
20,86,0,1,1,3,8,1,89,53,0
26,75,1,1,1,2,18,1,66,86,1
26,75,0,1,1,2,18,1,66,86,1
26,75,0,1,1,2,18,1,66,86,1
26,75,1,1,1,2,18,1,66,86,1
26,75,1,1,1,2,18,1,66,86,1
26,75,0,1,1,2,18,1,66,86,1
26,75,1,1,1,2,18,1,66,86,1
22,98,0,0,0,1,20,0,52,75,0
22,98,0,0,0,0,16,1,58,66,1
22,98,1,0,0,1,20,0,52,75,0
22,98,1,0,0,0,16,1,58,66,1
22,98,1,1,0,1,20,0,52,75,0
22,98,1,1,0,0,16,1,58,66,1
22,98,0,1,0,1,20,0,52,75,0
22,98,0,1,0,0,16,1,58,66,1
22,98,1,1,0,1,20,0,52,75,0
22,98,1,1,0,0,16,1,58,66,1
22,98,1,1,0,1,20,0,52,75,0
22,98,1,1,0,0,16,1,58,66,1
22,98,0,1,0,1,20,0,52,75,0
22,98,0,1,0,0,16,1,58,66,1
22,98,0,1,0,1,20,0,52,75,0
22,98,0,1,0,0,16,1,58,66,1
21,77,1,1,1,3,20,1,73,47,0
21,77,1,1,1,0,1,1,97,50,1
21,77,1,1,1,3,20,1,73,47,0
21,77,1,1,1,0,1,1,97,50,1
21,77,1,0,1,3,20,1,73,47,0
21,77,1,0,1,0,1,1,97,50,1
21,77,0,1,1,3,20,1,73,47,0
21,77,0,1,1,0,1,1,97,50,1
21,77,1,1,1,3,20,1,73,47,0
21,77,1,1,1,0,1,1,97,50,1
21,77,1,1,1,3,20,1,73,47,0
21,77,1,1,1,0,1,1,97,50,1
21,77,0,1,1,3,20,1,73,47,0
21,77,0,1,1,0,1,1,97,50,1
21,77,1,1,1,3,20,1,73,47,0
21,77,1,1,1,0,1,1,97,50,1
21,77,1,1,1,3,20,1,73,47,0
21,77,1,1,1,0,1,1,97,50,1
18,81,1,1,0,2,2,1,65,87,1
18,81,1,1,0,0,3,0,95,77,1
18,81,1,1,0,2,2,1,65,87,1
18,81,1,1,0,0,3,0,95,77,1
18,81,1,1,0,2,2,1,65,87,1
18,81,1,1,0,0,3,0,95,77,1
18,81,1,1,0,2,2,1,65,87,1
18,81,1,1,0,0,3,0,95,77,1
8,61,1,1,1,3,8,1,70,73,0
8,61,1,1,1,3,11,0,92,84,0
19,69,1,1,1,0,1,0,71,96,0
19,69,1,1,1,1,2,0,68,84,0
19,69,1,1,1,0,1,0,71,96,0
19,69,1,1,1,1,2,0,68,84,0
19,69,1,0,1,0,1,0,71,96,0
19,69,1,0,1,1,2,0,68,84,0
19,69,1,1,1,0,1,0,71,96,0
19,69,1,1,1,1,2,0,68,84,0
19,69,1,1,1,0,1,0,71,96,0
19,69,1,1,1,1,2,0,68,84,0
19,69,1,1,1,0,1,0,71,96,0
19,69,1,1,1,1,2,0,68,84,0
19,69,1,0,1,0,1,0,71,96,0
19,69,1,0,1,1,2,0,68,84,0
19,69,0,1,1,0,1,0,71,96,0
19,69,0,1,1,1,2,0,68,84,0
29,78,1,1,1,1,12,0,65,71,1
29,78,0,1,1,1,12,0,65,71,1
29,78,1,1,1,1,12,0,65,71,1
29,78,1,1,1,1,12,0,65,71,1
17,67,1,1,0,1,9,0,52,69,0
17,67,1,1,0,2,18,1,78,70,1
17,67,1,1,0,1,9,0,52,69,0
17,67,1,1,0,2,18,1,78,70,1
17,67,1,1,0,1,9,0,52,69,0
17,67,1,1,0,2,18,1,78,70,1
17,67,1,1,0,1,9,0,52,69,0
17,67,1,1,0,2,18,1,78,70,1
17,67,0,1,0,1,9,0,52,69,0
17,67,0,1,0,2,18,1,78,70,1
17,67,0,1,0,1,9,0,52,69,0
17,67,0,1,0,2,18,1,78,70,1
17,67,0,1,0,1,9,0,52,69,0
17,67,0,1,0,2,18,1,78,70,1
17,67,1,1,0,1,9,0,52,69,0
17,67,1,1,0,2,18,1,78,70,1
17,67,1,1,0,1,9,0,52,69,0
17,67,1,1,0,2,18,1,78,70,1
15,95,0,1,1,0,12,0,64,64,0
15,95,0,1,1,1,6,1,79,41,0
15,95,0,1,1,2,16,1,80,53,1
15,95,1,1,1,0,12,0,64,64,0
15,95,1,1,1,1,6,1,79,41,0
15,95,1,1,1,2,16,1,80,53,1
15,95,1,1,1,0,12,0,64,64,0
15,95,1,1,1,1,6,1,79,41,0
15,95,1,1,1,2,16,1,80,53,1
15,95,0,0,1,0,12,0,64,64,0
15,95,0,0,1,1,6,1,79,41,0
15,95,0,0,1,2,16,1,80,53,1
15,95,1,1,1,0,12,0,64,64,0
15,95,1,1,1,1,6,1,79,41,0
15,95,1,1,1,2,16,1,80,53,1
17,88,1,1,1,0,7,0,95,66,0
17,88,1,1,1,1,15,1,64,79,1
26,71,1,0,1,0,1,1,69,88,0
26,71,0,1,1,2,17,0,72,55,0
26,71,0,1,1,0,1,1,69,88,0
26,71,1,1,1,2,17,0,72,55,0
26,71,1,1,1,0,1,1,69,88,0
26,71,1,1,1,2,17,0,72,55,0
26,71,1,1,1,0,1,1,69,88,0
26,71,1,1,1,2,17,0,72,55,0
26,71,1,1,1,0,1,1,69,88,0
26,71,0,0,1,2,17,0,72,55,0
26,71,0,0,1,0,1,1,69,88,0
26,71,1,1,1,2,17,0,72,55,0
26,71,1,1,1,0,1,1,69,88,0
11,81,1,1,1,2,0,1,82,74,1
11,81,1,1,1,0,13,1,76,75,1
11,81,1,1,1,2,0,1,82,74,1
11,81,1,1,1,0,13,1,76,75,1
11,81,1,1,1,2,0,1,82,74,1
11,81,1,1,1,0,13,1,76,75,1
17,78,1,0,1,1,14,1,54,57,1
17,78,0,1,1,1,14,1,54,57,1
17,78,1,1,1,1,14,1,54,57,1
17,78,1,1,1,1,14,1,54,57,1
17,78,1,1,1,1,14,1,54,57,1
28,78,0,1,0,2,17,1,79,92,1
28,78,0,1,0,0,3,1,52,40,1
28,78,1,1,0,2,17,1,79,92,1
28,78,1,1,0,0,3,1,52,40,1
28,78,1,0,0,2,17,1,79,92,1
28,78,1,0,0,0,3,1,52,40,1
28,78,0,1,0,2,17,1,79,92,1
28,78,0,1,0,0,3,1,52,40,1
16,64,1,1,0,0,14,1,86,67,1
16,64,1,1,0,2,19,1,61,48,0
16,64,1,1,0,2,0,0,71,55,0
16,64,1,1,0,1,3,1,60,66,1
16,64,1,1,0,0,14,1,86,67,1
16,64,1,1,0,2,19,1,61,48,0
16,64,1,1,0,2,0,0,71,55,0
16,64,1,1,0,1,3,1,60,66,1
16,64,1,1,0,0,14,1,86,67,1
16,64,1,1,0,2,19,1,61,48,0
16,64,1,1,0,2,0,0,71,55,0
16,64,1,1,0,1,3,1,60,66,1
16,64,1,1,0,0,14,1,86,67,1
16,64,1,1,0,2,19,1,61,48,0
16,64,1,1,0,2,0,0,71,55,0
16,64,1,1,0,1,3,1,60,66,1
25,69,1,0,0,0,12,1,82,68,0
25,69,1,0,0,0,0,0,64,57,1
25,69,1,1,0,0,12,1,82,68,0
25,69,1,1,0,0,0,0,64,57,1
25,69,1,1,0,0,12,1,82,68,0
25,69,1,1,0,0,0,0,64,57,1
25,69,1,1,0,0,12,1,82,68,0
25,69,1,1,0,0,0,0,64,57,1
25,69,1,1,0,0,12,1,82,68,0
25,69,1,1,0,0,0,0,64,57,1
25,69,0,1,0,0,12,1,82,68,0
25,69,0,1,0,0,0,0,64,57,1
14,68,0,1,1,3,0,0,68,92,0
14,68,1,1,1,3,0,0,68,92,0
14,68,0,1,1,3,0,0,68,92,0
14,68,1,1,1,3,0,0,68,92,0
14,68,0,1,1,3,0,0,68,92,0
14,68,0,1,1,3,0,0,68,92,0
14,83,1,1,0,2,8,1,95,58,1
14,83,1,1,0,0,5,1,54,68,1
14,83,1,1,0,3,19,0,57,94,1
14,83,1,1,0,1,2,1,73,56,1
14,83,1,1,0,2,8,1,95,58,1
14,83,1,1,0,0,5,1,54,68,1
14,83,1,1,0,3,19,0,57,94,1
14,83,1,1,0,1,2,1,73,56,1
14,83,1,1,0,2,8,1,95,58,1
14,83,1,1,0,0,5,1,54,68,1
14,83,1,1,0,3,19,0,57,94,1
14,83,1,1,0,1,2,1,73,56,1
14,83,1,1,0,2,8,1,95,58,1
14,83,1,1,0,0,5,1,54,68,1
14,83,1,1,0,3,19,0,57,94,1
14,83,1,1,0,1,2,1,73,56,1
14,83,0,1,0,2,8,1,95,58,1
14,83,0,1,0,0,5,1,54,68,1
14,83,0,1,0,3,19,0,57,94,1
14,83,0,1,0,1,2,1,73,56,1
18,75,1,1,0,0,20,1,52,63,0
18,75,1,1,0,0,20,1,52,63,0
18,75,1,1,0,0,20,1,52,63,0
18,75,1,1,0,0,20,1,52,63,0
18,75,1,1,0,0,20,1,52,63,0
18,75,0,1,0,0,20,1,52,63,0
18,75,1,1,0,0,20,1,52,63,0
18,75,1,1,0,0,20,1,52,63,0
30,81,1,1,1,3,7,1,76,79,1
30,81,1,1,1,0,20,1,65,58,1
30,81,0,1,1,3,7,1,76,79,1
30,81,0,1,1,0,20,1,65,58,1
30,81,0,1,1,3,7,1,76,79,1
30,81,0,1,1,0,20,1,65,58,1
11,68,0,1,0,2,15,0,73,48,1
11,68,0,1,0,2,4,0,76,41,1
11,68,0,1,0,2,15,0,73,48,1
11,68,0,1,0,2,4,0,76,41,1
11,68,1,1,0,2,15,0,73,48,1
11,68,1,1,0,2,4,0,76,41,1
11,68,1,1,0,2,15,0,73,48,1
11,68,1,1,0,2,4,0,76,41,1
17,66,0,1,1,2,18,0,70,50,1
17,66,0,1,1,0,6,1,83,52,1
17,66,0,1,1,3,14,1,90,41,1
17,66,0,1,1,2,0,1,65,47,0
17,66,0,1,1,2,18,0,70,50,1
17,66,0,1,1,0,6,1,83,52,1
17,66,0,1,1,3,14,1,90,41,1
17,66,0,1,1,2,0,1,65,47,0
17,66,1,1,1,2,18,0,70,50,1
17,66,1,1,1,0,6,1,83,52,1
17,66,1,1,1,3,14,1,90,41,1
17,66,1,1,1,2,0,1,65,47,0
17,66,1,1,1,2,18,0,70,50,1
17,66,1,1,1,0,6,1,83,52,1
17,66,1,1,1,3,14,1,90,41,1
17,66,1,1,1,2,0,1,65,47,0
29,77,1,1,0,0,15,1,87,41,0
29,77,1,1,0,2,17,1,100,71,1
29,77,0,1,0,0,15,1,87,41,0
29,77,0,1,0,2,17,1,100,71,1
29,77,0,1,0,0,15,1,87,41,0
29,77,0,1,0,2,17,1,100,71,1
29,77,1,1,0,0,15,1,87,41,0
29,77,1,1,0,2,17,1,100,71,1
29,77,1,1,0,0,15,1,87,41,0
29,77,1,1,0,2,17,1,100,71,1
11,76,1,1,1,0,14,1,89,65,0
11,76,1,1,1,2,19,1,99,84,1
11,76,1,1,1,1,3,1,89,94,1
11,76,1,0,1,0,14,1,89,65,0
11,76,1,0,1,2,19,1,99,84,1
11,76,1,0,1,1,3,1,89,94,1
27,61,0,1,1,0,16,1,73,43,0
27,61,0,1,1,3,5,1,51,91,0
27,61,0,1,1,0,16,1,73,43,0
27,61,0,1,1,3,5,1,51,91,0
27,61,1,1,1,0,16,1,73,43,0
27,61,1,1,1,3,5,1,51,91,0
27,61,0,1,1,0,16,1,73,43,0
27,61,0,1,1,3,5,1,51,91,0
14,82,1,1,0,1,11,0,92,79,0
14,82,1,1,0,1,12,1,85,79,1
14,82,1,1,0,1,16,1,77,69,1
14,82,1,1,0,1,11,0,92,79,0
14,82,1,1,0,1,12,1,85,79,1
14,82,1,1,0,1,16,1,77,69,1
14,82,1,1,0,1,11,0,92,79,0
14,82,1,1,0,1,12,1,85,79,1
14,82,1,1,0,1,16,1,77,69,1
14,82,1,1,0,1,11,0,92,79,0
14,82,1,1,0,1,12,1,85,79,1
14,82,1,1,0,1,16,1,77,69,1
23,82,1,1,1,1,20,1,70,65,1
23,82,0,1,1,1,20,1,70,65,1
23,82,1,1,1,1,20,1,70,65,1
21,88,0,1,0,0,10,1,61,75,0
21,88,0,1,0,0,10,1,61,75,0
21,88,1,1,0,0,10,1,61,75,0
21,88,1,1,0,0,10,1,61,75,0
21,88,0,0,0,0,10,1,61,75,0
21,88,1,1,0,0,10,1,61,75,0
20,70,1,0,1,0,5,1,51,99,1
20,70,1,1,1,0,5,1,51,99,1
20,70,0,1,1,0,5,1,51,99,1
20,70,1,1,1,0,5,1,51,99,1
20,70,0,1,1,0,5,1,51,99,1
20,70,0,1,1,0,5,1,51,99,1
20,70,1,1,1,0,5,1,51,99,1
21,98,0,1,0,3,9,0,72,45,0
21,98,0,1,0,3,2,1,65,73,1
21,98,0,1,0,1,19,0,89,59,1
21,98,0,1,0,2,10,0,93,86,1
21,98,0,1,0,3,14,0,53,67,0
21,98,0,1,0,0,6,1,67,64,1
21,98,0,1,0,0,8,1,99,49,1
21,98,0,1,0,3,5,1,80,77,1
21,98,1,0,0,3,9,0,72,45,0
21,98,1,0,0,3,2,1,65,73,1
21,98,1,0,0,1,19,0,89,59,1
21,98,1,0,0,2,10,0,93,86,1
21,98,1,0,0,3,14,0,53,67,0
21,98,1,0,0,0,6,1,67,64,1
21,98,1,0,0,0,8,1,99,49,1
21,98,1,0,0,3,5,1,80,77,1
21,98,1,1,0,3,9,0,72,45,0
21,98,1,1,0,3,2,1,65,73,1
21,98,1,1,0,1,19,0,89,59,1
21,98,1,1,0,2,10,0,93,86,1
21,98,1,1,0,3,14,0,53,67,0
21,98,1,1,0,0,6,1,67,64,1
21,98,1,1,0,0,8,1,99,49,1
21,98,1,1,0,3,5,1,80,77,1
21,98,1,1,0,3,9,0,72,45,0
21,98,1,1,0,3,2,1,65,73,1
21,98,1,1,0,1,19,0,89,59,1
21,98,1,1,0,2,10,0,93,86,1
21,98,1,1,0,3,14,0,53,67,0
21,98,1,1,0,0,6,1,67,64,1
21,98,1,1,0,0,8,1,99,49,1
21,98,1,1,0,3,5,1,80,77,1
24,65,0,1,1,1,17,1,60,41,1
24,65,0,1,1,1,4,0,79,78,0
24,65,0,1,1,0,12,1,98,47,1
24,65,0,1,1,1,17,1,60,41,1
24,65,0,1,1,1,4,0,79,78,0
24,65,0,1,1,0,12,1,98,47,1
24,65,0,1,1,1,17,1,60,41,1
24,65,0,1,1,1,4,0,79,78,0
24,65,0,1,1,0,12,1,98,47,1
24,65,1,1,1,1,17,1,60,41,1
24,65,1,1,1,1,4,0,79,78,0
24,65,1,1,1,0,12,1,98,47,1
30,80,0,1,0,0,11,1,63,78,0
30,80,0,1,0,0,8,0,55,78,1
30,80,0,1,0,3,16,0,90,100,0
30,80,0,1,0,0,15,0,89,44,1
30,80,0,1,0,0,11,1,63,78,0
30,80,0,1,0,0,8,0,55,78,1
30,80,0,1,0,3,16,0,90,100,0
30,80,0,1,0,0,15,0,89,44,1
30,80,0,1,0,0,11,1,63,78,0
30,80,0,1,0,0,8,0,55,78,1
30,80,0,1,0,3,16,0,90,100,0
30,80,0,1,0,0,15,0,89,44,1
33,62,1,1,0,2,15,0,90,55,1
8,73,0,0,0,0,12,0,85,71,1
8,73,0,0,0,1,1,1,93,55,0
19,66,0,1,1,0,10,1,53,64,1
19,66,0,1,1,0,10,1,53,64,1
19,66,0,1,1,0,10,1,53,64,1
19,66,1,1,1,0,10,1,53,64,1
24,88,1,1,1,3,19,0,100,95,1
24,88,1,1,1,2,17,1,81,80,1
24,88,1,0,1,3,19,0,100,95,1
24,88,1,0,1,2,17,1,81,80,1
24,88,1,1,1,3,19,0,100,95,1
24,88,1,1,1,2,17,1,81,80,1
24,88,0,1,1,3,19,0,100,95,1
24,88,0,1,1,2,17,1,81,80,1
24,88,1,0,1,3,19,0,100,95,1
24,88,1,0,1,2,17,1,81,80,1
24,88,1,1,1,3,19,0,100,95,1
24,88,1,1,1,2,17,1,81,80,1
24,88,1,1,1,3,19,0,100,95,1
24,88,1,1,1,2,17,1,81,80,1
24,88,1,1,1,3,19,0,100,95,1
24,88,1,1,1,2,17,1,81,80,1
19,60,1,1,0,3,18,1,83,42,0
19,60,1,1,0,3,1,1,54,41,1
19,60,0,1,0,3,18,1,83,42,0
19,60,0,1,0,3,1,1,54,41,1
19,60,0,1,0,3,18,1,83,42,0
19,60,0,1,0,3,1,1,54,41,1
16,67,0,1,0,3,0,1,82,98,0
16,67,1,1,0,3,0,1,82,98,0
16,67,1,1,0,3,0,1,82,98,0
16,67,1,1,0,3,0,1,82,98,0
16,67,0,1,0,3,0,1,82,98,0
25,84,1,1,1,3,2,1,80,50,1
25,84,1,1,1,3,0,1,96,65,1
25,84,1,1,1,3,6,0,69,99,1
25,84,1,1,1,2,6,1,82,81,1
25,84,1,1,1,3,2,1,80,50,1
25,84,1,1,1,3,0,1,96,65,1
25,84,1,1,1,3,6,0,69,99,1
25,84,1,1,1,2,6,1,82,81,1
25,84,0,1,1,3,2,1,80,50,1
25,84,0,1,1,3,0,1,96,65,1
25,84,0,1,1,3,6,0,69,99,1
25,84,0,1,1,2,6,1,82,81,1
25,84,1,1,1,3,2,1,80,50,1
25,84,1,1,1,3,0,1,96,65,1
25,84,1,1,1,3,6,0,69,99,1
25,84,1,1,1,2,6,1,82,81,1
22,73,1,1,0,2,4,1,63,92,1
22,73,1,1,0,2,17,1,56,82,1
22,73,1,1,0,2,4,0,97,41,1
22,73,1,1,0,2,4,1,63,92,1
22,73,1,1,0,2,17,1,56,82,1
22,73,1,1,0,2,4,0,97,41,1
22,73,0,1,0,2,4,1,63,92,1
22,73,0,1,0,2,17,1,56,82,1
22,73,0,1,0,2,4,0,97,41,1
22,63,0,1,1,1,10,1,63,74,1
22,63,0,1,1,3,17,0,87,69,1
22,63,0,1,1,1,10,1,63,74,1
22,63,0,1,1,3,17,0,87,69,1
22,63,1,1,1,1,10,1,63,74,1
22,63,1,1,1,3,17,0,87,69,1
22,63,0,1,1,1,10,1,63,74,1
22,63,0,1,1,3,17,0,87,69,1
22,63,0,1,1,1,10,1,63,74,1
22,63,0,1,1,3,17,0,87,69,1
22,63,1,1,1,1,10,1,63,74,1
22,63,1,1,1,3,17,0,87,69,1
22,63,1,1,1,1,10,1,63,74,1
22,63,1,1,1,3,17,0,87,69,1
22,63,1,1,1,1,10,1,63,74,1
22,63,1,1,1,3,17,0,87,69,1
22,63,1,1,1,1,10,1,63,74,1
22,63,1,1,1,3,17,0,87,69,1
22,63,1,1,1,1,10,1,63,74,1
22,63,1,1,1,3,17,0,87,69,1
22,63,1,1,1,1,10,1,63,74,1
22,63,1,1,1,3,17,0,87,69,1
24,68,1,1,0,0,12,0,66,93,1
24,68,1,1,0,0,8,1,89,93,1
24,68,1,1,0,0,12,0,66,93,1
24,68,1,1,0,0,8,1,89,93,1
24,68,0,0,0,0,12,0,66,93,1
24,68,0,0,0,0,8,1,89,93,1
24,68,0,1,0,0,12,0,66,93,1
24,68,0,1,0,0,8,1,89,93,1
24,68,1,1,0,0,12,0,66,93,1
24,68,1,1,0,0,8,1,89,93,1
24,68,0,1,0,0,12,0,66,93,1
24,68,0,1,0,0,8,1,89,93,1
17,86,1,1,0,2,13,1,53,75,1
17,86,0,1,0,2,13,1,53,75,1
17,86,0,1,0,2,13,1,53,75,1
24,71,1,1,1,3,3,1,77,91,1
24,71,1,1,1,1,12,1,64,82,1
24,71,1,1,1,3,3,1,77,91,1
24,71,1,1,1,1,12,1,64,82,1
24,71,1,1,1,3,3,1,77,91,1
24,71,1,1,1,1,12,1,64,82,1
24,71,0,1,1,3,3,1,77,91,1
24,71,0,1,1,1,12,1,64,82,1
24,71,1,1,1,3,3,1,77,91,1
24,71,1,1,1,1,12,1,64,82,1
24,97,0,1,0,2,14,1,68,90,1
24,97,0,1,0,1,18,0,98,85,1
24,97,0,1,0,0,1,0,62,67,1
24,97,0,1,0,3,20,1,95,83,1
24,97,0,1,0,1,15,0,70,79,1
24,97,0,1,0,2,15,0,52,42,0
24,97,0,1,0,1,0,0,56,48,1
24,97,0,1,0,2,14,1,68,90,1
24,97,0,1,0,1,18,0,98,85,1
24,97,0,1,0,0,1,0,62,67,1
24,97,1,1,0,3,20,1,95,83,1
24,97,1,1,0,1,15,0,70,79,1
24,97,1,1,0,2,15,0,52,42,0
24,97,1,1,0,1,0,0,56,48,1
24,97,1,1,0,2,14,1,68,90,1
24,97,1,1,0,1,18,0,98,85,1
24,97,1,1,0,0,1,0,62,67,1
20,81,1,1,0,3,14,1,64,63,1
20,81,1,1,0,3,11,0,80,88,1
20,81,1,0,0,3,14,1,64,63,1
20,81,1,0,0,3,11,0,80,88,1
20,81,0,1,0,3,14,1,64,63,1
20,81,0,1,0,3,11,0,80,88,1
20,81,0,1,0,3,14,1,64,63,1
20,81,0,1,0,3,11,0,80,88,1
22,89,1,1,1,0,14,0,58,51,1
22,89,1,1,1,3,0,0,73,58,0
22,89,1,1,1,2,8,0,51,68,1
22,89,1,1,1,1,15,1,72,88,1
22,89,0,1,1,0,14,0,58,51,1
22,89,0,1,1,3,0,0,73,58,0
22,89,0,1,1,2,8,0,51,68,1
22,89,0,1,1,1,15,1,72,88,1
22,89,1,1,1,0,14,0,58,51,1
22,89,1,1,1,3,0,0,73,58,0
22,89,1,1,1,2,8,0,51,68,1
22,89,1,1,1,1,15,1,72,88,1
22,89,1,1,1,0,14,0,58,51,1
22,89,1,1,1,3,0,0,73,58,0
22,89,1,1,1,2,8,0,51,68,1
22,89,1,1,1,1,15,1,72,88,1
22,89,0,1,1,0,14,0,58,51,1
22,89,0,1,1,3,0,0,73,58,0
22,89,0,1,1,2,8,0,51,68,1
22,89,0,1,1,1,15,1,72,88,1
22,89,0,1,1,0,14,0,58,51,1
22,89,0,1,1,3,0,0,73,58,0
22,89,0,1,1,2,8,0,51,68,1
22,89,0,1,1,1,15,1,72,88,1
13,77,1,1,1,0,2,1,98,99,1
13,77,1,1,1,0,16,0,66,82,0
13,77,0,1,1,0,2,1,98,99,1
13,77,0,1,1,0,16,0,66,82,0
13,77,1,1,1,0,2,1,98,99,1
13,77,1,1,1,0,16,0,66,82,0
13,77,1,0,1,0,2,1,98,99,1
13,77,1,0,1,0,16,0,66,82,0
13,77,0,1,1,0,2,1,98,99,1
13,77,0,1,1,0,16,0,66,82,0
13,77,1,1,1,0,2,1,98,99,1
13,77,1,1,1,0,16,0,66,82,0
13,77,0,1,1,0,2,1,98,99,1
13,77,0,1,1,0,16,0,66,82,0
13,77,1,1,1,0,2,1,98,99,1
13,77,1,1,1,0,16,0,66,82,0
35,85,1,1,0,3,1,0,60,76,1
35,85,1,1,0,2,8,0,59,77,0
35,85,1,1,0,0,4,0,66,61,1
35,85,1,1,0,0,4,1,73,54,0
35,85,1,1,0,1,2,1,96,97,1
35,85,1,1,0,1,5,1,73,65,1
35,85,1,1,0,0,19,1,82,73,1
21,74,1,1,1,3,1,1,89,59,1
21,74,1,1,1,3,11,1,69,90,1
21,74,1,1,1,2,12,1,91,68,1
21,74,0,1,1,3,1,1,89,59,1
21,74,0,1,1,3,11,1,69,90,1
21,74,0,1,1,2,12,1,91,68,1
21,74,0,1,1,3,1,1,89,59,1
21,74,0,1,1,3,11,1,69,90,1
21,74,0,1,1,2,12,1,91,68,1
21,74,1,0,1,3,1,1,89,59,1
21,74,1,0,1,3,11,1,69,90,1
21,74,1,0,1,2,12,1,91,68,1
21,74,1,1,1,3,1,1,89,59,1
21,74,1,1,1,3,11,1,69,90,1
21,74,1,1,1,2,12,1,91,68,1
21,74,1,1,1,3,1,1,89,59,1
21,74,1,1,1,3,11,1,69,90,1
21,74,1,1,1,2,12,1,91,68,1
21,74,0,1,1,3,1,1,89,59,1
21,74,0,1,1,3,11,1,69,90,1
21,74,0,1,1,2,12,1,91,68,1
21,74,1,1,1,3,1,1,89,59,1
21,74,1,1,1,3,11,1,69,90,1
21,74,1,1,1,2,12,1,91,68,1
21,74,1,1,1,3,1,1,89,59,1
21,74,1,1,1,3,11,1,69,90,1
21,74,1,1,1,2,12,1,91,68,1
21,74,1,0,1,3,1,1,89,59,1
21,74,1,0,1,3,11,1,69,90,1
21,74,1,0,1,2,12,1,91,68,1
21,74,1,1,1,3,1,1,89,59,1
21,74,1,1,1,3,11,1,69,90,1
21,74,1,1,1,2,12,1,91,68,1
24,83,0,1,0,2,7,0,98,80,1
24,83,1,1,0,2,7,0,98,80,1
23,80,1,1,1,0,11,1,68,55,0
23,80,1,1,1,2,14,1,53,64,1
23,80,1,1,1,1,5,1,77,79,1
23,80,0,1,1,0,11,1,68,55,0
23,80,0,1,1,2,14,1,53,64,1
23,80,0,1,1,1,5,1,77,79,1
23,80,1,1,1,0,11,1,68,55,0
23,80,1,1,1,2,14,1,53,64,1
23,80,1,1,1,1,5,1,77,79,1
23,80,1,1,1,0,11,1,68,55,0
23,80,1,1,1,2,14,1,53,64,1
23,80,1,1,1,1,5,1,77,79,1
23,80,0,1,1,0,11,1,68,55,0
23,80,0,1,1,2,14,1,53,64,1
23,80,0,1,1,1,5,1,77,79,1
23,80,1,1,1,0,11,1,68,55,0
23,80,1,1,1,2,14,1,53,64,1
23,80,1,1,1,1,5,1,77,79,1
23,80,0,1,1,0,11,1,68,55,0
23,80,0,1,1,2,14,1,53,64,1
23,80,0,1,1,1,5,1,77,79,1
23,80,0,1,1,0,11,1,68,55,0
23,80,0,1,1,2,14,1,53,64,1
23,80,0,1,1,1,5,1,77,79,1
15,71,0,1,0,0,12,1,87,43,1
15,71,0,0,0,0,12,1,87,43,1
15,71,1,1,0,0,12,1,87,43,1
15,71,0,1,0,0,12,1,87,43,1
15,71,0,0,0,0,12,1,87,43,1
15,71,0,0,0,0,12,1,87,43,1
23,75,1,1,0,2,13,1,72,94,0
23,75,1,1,0,0,14,1,89,82,1
23,75,1,1,0,2,13,1,72,94,0
23,75,1,1,0,0,14,1,89,82,1
23,75,1,1,0,2,13,1,72,94,0
23,75,1,1,0,0,14,1,89,82,1
23,75,0,1,0,2,13,1,72,94,0
23,75,0,1,0,0,14,1,89,82,1
23,75,1,1,0,2,13,1,72,94,0
23,75,1,1,0,0,14,1,89,82,1
23,75,1,0,0,2,13,1,72,94,0
23,75,1,0,0,0,14,1,89,82,1
23,75,1,1,0,2,13,1,72,94,0
23,75,1,1,0,0,14,1,89,82,1
31,63,0,1,1,1,8,1,91,91,1
31,63,1,1,1,1,8,1,91,91,1
28,62,0,1,1,0,2,0,50,51,1
28,62,0,1,1,2,12,0,51,63,1
28,62,1,1,1,0,2,0,50,51,1
28,62,1,1,1,2,12,0,51,63,1
28,62,0,1,1,0,2,0,50,51,1
28,62,0,1,1,2,12,0,51,63,1
30,70,0,1,0,3,12,1,59,89,0
30,70,0,1,0,1,14,1,87,64,1
30,70,0,1,0,1,18,0,54,89,1
30,70,0,1,0,1,6,1,62,80,1
30,70,0,1,0,3,10,1,50,70,1
30,70,1,1,0,3,12,1,59,89,0
30,70,1,1,0,1,14,1,87,64,1
30,70,1,1,0,1,18,0,54,89,1
30,70,1,1,0,1,6,1,62,80,1
30,70,1,1,0,3,10,1,50,70,1
30,70,0,1,0,3,12,1,59,89,0
30,70,0,1,0,1,14,1,87,64,1
30,70,0,1,0,1,18,0,54,89,1
30,70,0,1,0,1,6,1,62,80,1
30,70,0,1,0,3,10,1,50,70,1
17,63,0,1,0,1,7,1,95,43,0
17,63,0,1,0,3,20,1,72,42,0
17,63,0,1,0,0,20,0,76,54,1
17,63,0,1,0,2,19,0,73,79,1
17,63,1,1,0,1,7,1,95,43,0
17,63,1,1,0,3,20,1,72,42,0
17,63,1,1,0,0,20,0,76,54,1
17,63,1,1,0,2,19,0,73,79,1
14,64,1,1,0,0,13,1,93,62,1
14,64,1,1,0,0,18,1,51,96,1
19,93,0,1,1,0,10,1,52,91,0
19,93,0,1,1,0,10,1,52,91,0
19,93,0,0,1,0,10,1,52,91,0
19,93,1,1,1,0,10,1,52,91,0
20,62,1,1,1,1,6,0,56,79,1
20,62,1,1,1,1,17,0,81,64,1
20,62,1,1,1,2,19,1,61,83,1
20,62,0,1,1,1,6,0,56,79,1
20,62,0,1,1,1,17,0,81,64,1
20,62,0,1,1,2,19,1,61,83,1
20,62,1,1,1,1,6,0,56,79,1
20,62,1,1,1,1,17,0,81,64,1
20,62,1,1,1,2,19,1,61,83,1
20,62,1,1,1,1,6,0,56,79,1
20,62,1,1,1,1,17,0,81,64,1
20,62,1,1,1,2,19,1,61,83,1
20,62,1,1,1,1,6,0,56,79,1
20,62,1,1,1,1,17,0,81,64,1
20,62,1,1,1,2,19,1,61,83,1
20,62,0,1,1,1,6,0,56,79,1
20,62,0,1,1,1,17,0,81,64,1
20,62,0,1,1,2,19,1,61,83,1
20,62,1,1,1,1,6,0,56,79,1
20,62,1,1,1,1,17,0,81,64,1
20,62,1,1,1,2,19,1,61,83,1
20,62,1,1,1,1,6,0,56,79,1
20,62,1,1,1,1,17,0,81,64,1
20,62,1,1,1,2,19,1,61,83,1
27,86,1,1,0,1,4,0,93,47,1
27,86,1,1,0,2,20,0,87,66,1
27,86,1,1,0,1,4,0,93,47,1
27,86,1,1,0,2,20,0,87,66,1
10,71,1,1,0,2,1,0,99,59,1
10,71,1,1,0,1,7,1,76,97,1
10,71,0,1,0,2,1,0,99,59,1
10,71,0,1,0,1,7,1,76,97,1
19,79,1,1,1,2,14,0,70,40,1
19,79,1,1,1,2,14,0,70,40,1
19,79,0,1,1,2,14,0,70,40,1
19,79,0,1,1,2,14,0,70,40,1
19,79,1,1,1,2,14,0,70,40,1
19,79,1,1,1,2,14,0,70,40,1
19,79,1,1,1,2,14,0,70,40,1
19,79,0,1,1,2,14,0,70,40,1
17,93,0,1,0,1,17,1,52,82,1
17,93,0,1,0,1,1,1,53,80,1
17,93,0,1,0,0,15,1,58,78,0
17,93,0,1,0,2,18,1,61,86,0
17,93,0,1,0,1,17,1,52,82,1
17,93,0,1,0,1,1,1,53,80,1
17,93,0,1,0,0,15,1,58,78,0
17,93,0,1,0,2,18,1,61,86,0
17,82,0,1,1,3,6,1,71,61,1
17,82,0,1,1,1,16,1,56,64,0
17,82,0,1,1,2,2,0,65,46,1
17,82,0,1,1,3,6,1,71,61,1
17,82,0,1,1,1,16,1,56,64,0
17,82,0,1,1,2,2,0,65,46,1
17,82,0,1,1,3,6,1,71,61,1
17,82,0,1,1,1,16,1,56,64,0
17,82,0,1,1,2,2,0,65,46,1
17,82,1,1,1,3,6,1,71,61,1
17,82,1,1,1,1,16,1,56,64,0
17,82,1,1,1,2,2,0,65,46,1
17,82,1,1,1,3,6,1,71,61,1
17,82,1,1,1,1,16,1,56,64,0
17,82,1,1,1,2,2,0,65,46,1
17,82,1,1,1,3,6,1,71,61,1
17,82,1,1,1,1,16,1,56,64,0
17,82,1,1,1,2,2,0,65,46,1
17,82,0,1,1,3,6,1,71,61,1
17,82,0,1,1,1,16,1,56,64,0
17,82,0,1,1,2,2,0,65,46,1
17,82,1,1,1,3,6,1,71,61,1
17,82,1,1,1,1,16,1,56,64,0
17,82,1,1,1,2,2,0,65,46,1
17,82,1,1,1,3,6,1,71,61,1
17,82,1,1,1,1,16,1,56,64,0
17,82,1,1,1,2,2,0,65,46,1
16,83,0,1,1,0,5,1,75,46,1
16,83,0,1,1,3,13,1,61,95,0
16,83,1,1,1,0,5,1,75,46,1
16,83,1,1,1,3,13,1,61,95,0
16,83,1,1,1,0,5,1,75,46,1
16,83,1,1,1,3,13,1,61,95,0
16,83,1,1,1,0,5,1,75,46,1
16,83,1,1,1,3,13,1,61,95,0
16,83,1,1,1,0,5,1,75,46,1
16,83,1,1,1,3,13,1,61,95,0
27,68,0,1,1,0,11,1,87,55,1
27,68,0,1,1,2,3,0,90,76,1
27,68,0,1,1,2,8,1,51,43,0
27,68,1,1,1,0,11,1,87,55,1
27,68,1,1,1,2,3,0,90,76,1
27,68,1,1,1,2,8,1,51,43,0
27,68,1,1,1,0,11,1,87,55,1
27,68,1,1,1,2,3,0,90,76,1
27,68,1,1,1,2,8,1,51,43,0
27,68,1,1,1,0,11,1,87,55,1
27,68,1,1,1,2,3,0,90,76,1
27,68,1,1,1,2,8,1,51,43,0
27,68,0,1,1,0,11,1,87,55,1
27,68,0,1,1,2,3,0,90,76,1
27,68,0,1,1,2,8,1,51,43,0
27,68,1,1,1,0,11,1,87,55,1
27,68,1,1,1,2,3,0,90,76,1
27,68,1,1,1,2,8,1,51,43,0
27,97,1,1,1,0,3,1,69,97,1
27,97,1,1,1,2,1,1,61,50,1
27,97,1,1,1,3,11,0,79,100,1
8,94,0,1,0,2,3,0,81,88,1
8,94,0,1,0,3,3,0,73,44,1
18,91,1,1,1,2,4,0,65,56,1
18,91,1,1,1,2,6,0,87,72,1
18,91,1,1,1,3,7,1,85,92,1
18,91,1,1,1,0,11,0,63,71,0
18,91,0,1,1,2,4,0,65,56,1
18,91,0,1,1,2,6,0,87,72,1
18,91,0,1,1,3,7,1,85,92,1
18,91,0,1,1,0,11,0,63,71,0
18,91,1,1,1,2,4,0,65,56,1
18,91,1,1,1,2,6,0,87,72,1
18,91,1,1,1,3,7,1,85,92,1
18,91,1,1,1,0,11,0,63,71,0
18,91,0,1,1,2,4,0,65,56,1
18,91,0,1,1,2,6,0,87,72,1
18,91,0,1,1,3,7,1,85,92,1
18,91,0,1,1,0,11,0,63,71,0
18,91,0,1,1,2,4,0,65,56,1
18,91,0,1,1,2,6,0,87,72,1
18,91,0,1,1,3,7,1,85,92,1
18,91,0,1,1,0,11,0,63,71,0
18,91,1,1,1,2,4,0,65,56,1
18,91,1,1,1,2,6,0,87,72,1
18,91,1,1,1,3,7,1,85,92,1
18,91,1,1,1,0,11,0,63,71,0
18,91,1,1,1,2,4,0,65,56,1
18,91,1,1,1,2,6,0,87,72,1
18,91,1,1,1,3,7,1,85,92,1
18,91,1,1,1,0,11,0,63,71,0
18,91,0,1,1,2,4,0,65,56,1
18,91,0,1,1,2,6,0,87,72,1
18,91,0,1,1,3,7,1,85,92,1
18,91,0,1,1,0,11,0,63,71,0
18,91,1,1,1,2,4,0,65,56,1
18,91,1,1,1,2,6,0,87,72,1
18,91,1,1,1,3,7,1,85,92,1
18,91,1,1,1,0,11,0,63,71,0
18,91,0,1,1,2,4,0,65,56,1
18,91,0,1,1,2,6,0,87,72,1
18,91,0,1,1,3,7,1,85,92,1
18,91,0,1,1,0,11,0,63,71,0
18,91,0,1,1,2,4,0,65,56,1
18,91,0,1,1,2,6,0,87,72,1
18,91,0,1,1,3,7,1,85,92,1
18,91,0,1,1,0,11,0,63,71,0
18,91,0,1,1,2,4,0,65,56,1
18,91,0,1,1,2,6,0,87,72,1
18,91,0,1,1,3,7,1,85,92,1
18,91,0,1,1,0,11,0,63,71,0
18,76,0,1,0,2,13,1,83,97,0
18,76,0,1,0,3,18,1,62,52,0
18,76,0,1,0,3,2,1,87,98,1
18,76,0,1,0,2,16,1,55,93,1
18,76,0,1,0,2,13,1,83,97,0
18,76,0,1,0,3,18,1,62,52,0
18,76,0,1,0,3,2,1,87,98,1
18,76,0,1,0,2,16,1,55,93,1
18,76,0,1,0,2,13,1,83,97,0
18,76,0,1,0,3,18,1,62,52,0
18,76,0,1,0,3,2,1,87,98,1
18,76,0,1,0,2,16,1,55,93,1
18,76,1,1,0,2,13,1,83,97,0
18,76,1,1,0,3,18,1,62,52,0
18,76,1,1,0,3,2,1,87,98,1
18,76,1,1,0,2,16,1,55,93,1
18,76,0,1,0,2,13,1,83,97,0
18,76,0,1,0,3,18,1,62,52,0
18,76,0,1,0,3,2,1,87,98,1
18,76,0,1,0,2,16,1,55,93,1
12,80,0,1,0,1,20,1,97,86,1
12,80,0,1,0,1,3,0,90,66,1
12,80,0,1,0,1,20,1,97,86,1
12,80,0,1,0,1,3,0,90,66,1
12,80,0,1,0,1,20,1,97,86,1
12,80,0,1,0,1,3,0,90,66,1
12,80,1,1,0,1,20,1,97,86,1
12,80,1,1,0,1,3,0,90,66,1
15,79,0,1,1,0,13,0,92,45,1
15,79,0,1,1,1,0,1,93,81,1
15,79,0,1,1,2,7,1,76,80,1
15,79,1,1,1,0,13,0,92,45,1
15,79,1,1,1,1,0,1,93,81,1
15,79,1,1,1,2,7,1,76,80,1
15,79,1,1,1,0,13,0,92,45,1
15,79,1,1,1,1,0,1,93,81,1
15,79,1,1,1,2,7,1,76,80,1
15,79,1,1,1,0,13,0,92,45,1
15,79,1,1,1,1,0,1,93,81,1
15,79,1,1,1,2,7,1,76,80,1
13,70,0,1,0,0,8,1,65,52,1
13,70,0,1,0,0,13,1,87,75,1
13,70,0,1,0,0,0,1,55,86,1
13,70,0,1,0,0,8,1,65,52,1
13,70,0,1,0,0,13,1,87,75,1
13,70,0,1,0,0,0,1,55,86,1
13,70,1,1,0,0,8,1,65,52,1
13,70,1,1,0,0,13,1,87,75,1
13,70,1,1,0,0,0,1,55,86,1
13,70,1,1,0,0,8,1,65,52,1
13,70,1,1,0,0,13,1,87,75,1
13,70,1,1,0,0,0,1,55,86,1
31,80,1,1,0,0,14,1,91,80,1
31,80,1,1,0,0,14,1,91,80,1
28,65,1,1,1,0,10,1,70,64,1
28,65,1,1,1,0,10,1,70,64,1
28,65,1,1,1,0,10,1,70,64,1
13,90,0,1,0,1,1,1,94,81,1
21,96,0,1,0,0,18,1,81,55,1
21,96,0,1,0,0,18,1,81,55,1
21,96,1,1,0,0,18,1,81,55,1
21,96,1,0,0,0,18,1,81,55,1
21,96,1,1,0,0,18,1,81,55,1
14,79,1,1,1,0,10,0,63,68,1
14,79,1,1,1,0,10,0,63,68,1
14,79,1,1,1,0,10,0,63,68,1
14,79,1,1,1,0,10,0,63,68,1
14,79,0,1,1,0,10,0,63,68,1
14,79,1,1,1,0,10,0,63,68,1
26,76,0,1,0,1,3,1,53,48,0
26,76,0,1,0,3,14,1,84,40,1
26,76,0,1,0,3,19,0,77,73,1
26,76,1,1,0,1,3,1,53,48,0
26,76,1,1,0,3,14,1,84,40,1
26,76,1,1,0,3,19,0,77,73,1
22,77,1,1,1,3,12,1,60,65,1
22,77,1,1,1,3,10,0,68,96,1
22,77,1,1,1,2,7,0,65,47,0
22,77,1,0,1,3,12,1,60,65,1
22,77,1,0,1,3,10,0,68,96,1
22,77,1,0,1,2,7,0,65,47,0
22,77,1,1,1,3,12,1,60,65,1
22,77,1,1,1,3,10,0,68,96,1
22,77,1,1,1,2,7,0,65,47,0
22,77,1,1,1,3,12,1,60,65,1
22,77,1,1,1,3,10,0,68,96,1
22,77,1,1,1,2,7,0,65,47,0
25,72,1,1,1,3,13,1,81,56,1
25,72,1,1,1,1,18,0,73,57,1
25,72,1,1,1,3,13,1,81,56,1
25,72,1,1,1,1,18,0,73,57,1
25,72,1,1,1,3,13,1,81,56,1
25,72,0,1,1,1,18,0,73,57,1
25,72,0,1,1,3,13,1,81,56,1
25,72,1,1,1,1,18,0,73,57,1
25,72,1,1,1,3,13,1,81,56,1
25,72,1,1,1,1,18,0,73,57,1
25,72,1,1,1,3,13,1,81,56,1
25,72,1,1,1,1,18,0,73,57,1
25,72,1,1,1,3,13,1,81,56,1
11,69,0,1,1,0,5,1,76,97,0
11,69,1,1,1,0,5,1,76,97,0
11,69,1,1,1,0,5,1,76,97,0
29,60,1,1,0,3,7,1,99,68,1
29,60,1,1,0,2,17,0,55,42,1
23,70,1,1,0,1,20,1,87,44,1
23,70,1,1,0,3,5,0,72,90,1
23,70,1,1,0,1,20,1,87,44,1
23,70,1,1,0,3,5,0,72,90,1
23,70,0,1,0,1,20,1,87,44,1
23,70,0,1,0,3,5,0,72,90,1
22,75,1,1,0,3,2,1,89,89,0
22,75,0,1,0,3,2,1,89,89,0
16,62,0,1,0,3,6,0,56,52,1
16,62,0,1,0,1,5,1,63,56,1
16,62,0,0,0,3,6,0,56,52,1
16,62,0,0,0,1,5,1,63,56,1
16,62,0,1,0,3,6,0,56,52,1
16,62,0,1,0,1,5,1,63,56,1
16,62,0,1,0,3,6,0,56,52,1
16,62,0,1,0,1,5,1,63,56,1
16,62,0,1,0,3,6,0,56,52,1
16,62,0,1,0,1,5,1,63,56,1
20,99,0,1,0,2,4,1,62,90,1
20,99,0,1,0,3,14,1,61,97,0
20,99,1,1,0,2,4,1,62,90,1
20,99,1,1,0,3,14,1,61,97,0
27,89,0,1,0,3,4,1,74,96,1
27,89,0,1,0,3,17,0,97,51,1
27,89,0,1,0,3,4,1,74,96,1
27,89,0,1,0,3,17,0,97,51,1
27,89,1,1,0,3,4,1,74,96,1
27,89,1,1,0,3,17,0,97,51,1
23,73,1,1,0,1,5,1,96,86,1
23,73,1,1,0,0,6,0,96,82,0
23,73,1,1,0,1,17,1,58,93,1
23,73,1,1,0,0,0,1,92,65,0
23,73,0,1,0,1,5,1,96,86,1
23,73,0,1,0,0,6,0,96,82,0
23,73,0,1,0,1,17,1,58,93,1
23,73,0,1,0,0,0,1,92,65,0
23,73,0,1,0,1,5,1,96,86,1
23,73,0,1,0,0,6,0,96,82,0
23,73,0,1,0,1,17,1,58,93,1
23,73,0,1,0,0,0,1,92,65,0
25,78,0,1,0,3,3,0,86,68,1
25,78,0,1,0,2,20,1,86,74,0
27,95,0,1,1,0,4,0,99,95,1
27,95,0,1,1,3,20,1,62,58,0
27,95,0,1,1,0,16,1,77,84,1
27,95,0,1,1,2,15,0,66,72,1
27,95,0,1,1,0,4,0,99,95,1
27,95,0,1,1,3,20,1,62,58,0
27,95,0,1,1,0,16,1,77,84,1
27,95,0,1,1,2,15,0,66,72,1
20,87,0,1,1,1,13,1,57,52,1
20,87,0,1,1,1,13,1,57,52,1
20,87,1,1,1,1,13,1,57,52,1
20,87,1,1,1,1,13,1,57,52,1
20,87,1,1,1,1,13,1,57,52,1
20,87,0,1,1,1,13,1,57,52,1
12,79,1,1,1,2,11,1,69,83,1
12,79,1,1,1,3,2,1,94,50,1
12,79,0,1,1,2,11,1,69,83,1
12,79,0,1,1,3,2,1,94,50,1
12,79,0,1,1,2,11,1,69,83,1
12,79,0,1,1,3,2,1,94,50,1
11,97,1,1,0,0,19,1,75,62,1
11,97,1,1,0,1,19,1,52,83,1
11,97,1,1,0,0,18,0,85,73,1
11,97,1,1,0,2,19,1,62,80,1
11,97,1,1,0,0,19,1,75,62,1
11,97,1,1,0,1,19,1,52,83,1
11,97,1,1,0,0,18,0,85,73,1
11,97,1,1,0,2,19,1,62,80,1
11,97,1,1,0,0,19,1,75,62,1
11,97,1,1,0,1,19,1,52,83,1
11,97,1,1,0,0,18,0,85,73,1
11,97,1,1,0,2,19,1,62,80,1
11,97,0,1,0,0,19,1,75,62,1
11,97,0,1,0,1,19,1,52,83,1
11,97,0,1,0,0,18,0,85,73,1
11,97,0,1,0,2,19,1,62,80,1
29,80,0,1,1,2,18,1,52,51,1
29,80,0,1,1,0,0,0,69,89,0
29,80,1,0,1,2,18,1,52,51,1
29,80,1,0,1,0,0,0,69,89,0
18,88,1,1,0,1,3,1,89,90,1
18,88,1,1,0,3,13,1,96,45,0
18,88,0,1,0,1,3,1,89,90,1
18,88,0,1,0,3,13,1,96,45,0
18,88,1,1,0,1,3,1,89,90,1
18,88,1,1,0,3,13,1,96,45,0
18,88,0,1,0,1,3,1,89,90,1
18,88,0,1,0,3,13,1,96,45,0
23,93,1,0,1,1,1,1,56,66,1
23,93,0,1,1,1,1,1,56,66,1
23,93,1,1,1,1,1,1,56,66,1
23,93,0,1,1,1,1,1,56,66,1
23,93,1,0,1,1,1,1,56,66,1
26,99,1,1,0,2,13,0,65,68,1
26,99,1,1,0,0,1,1,93,77,1
21,95,1,1,0,1,20,0,53,90,1
21,95,1,1,0,2,13,0,60,88,0
21,95,1,1,0,1,20,0,53,90,1
21,95,1,1,0,2,13,0,60,88,0
18,71,0,1,0,3,13,0,83,56,0
18,71,0,1,0,0,14,0,67,54,1
18,71,0,1,0,3,13,0,83,56,0
18,71,0,1,0,0,14,0,67,54,1
18,71,1,1,0,3,13,0,83,56,0
18,71,1,1,0,0,14,0,67,54,1
18,71,0,1,0,3,13,0,83,56,0
18,71,0,1,0,0,14,0,67,54,1
18,71,1,1,0,3,13,0,83,56,0
18,71,1,1,0,0,14,0,67,54,1
18,71,1,1,0,3,13,0,83,56,0
18,71,1,1,0,0,14,0,67,54,1
20,64,0,1,0,2,20,0,82,45,0
20,64,1,1,0,2,20,0,82,45,0
20,64,0,0,0,2,20,0,82,45,0
20,64,0,1,0,2,20,0,82,45,0
20,64,1,1,0,2,20,0,82,45,0
20,64,1,1,0,2,20,0,82,45,0
24,85,1,1,0,1,8,1,95,47,1
24,85,1,1,0,0,5,1,100,64,1
24,85,1,0,0,1,8,1,95,47,1
24,85,1,0,0,0,5,1,100,64,1
24,85,1,1,0,1,8,1,95,47,1
24,85,1,1,0,0,5,1,100,64,1
24,85,1,1,0,1,8,1,95,47,1
24,85,1,1,0,0,5,1,100,64,1
24,85,0,1,0,1,8,1,95,47,1
24,85,0,1,0,0,5,1,100,64,1
20,85,0,1,0,1,0,1,89,95,0
20,85,0,1,0,1,11,1,84,42,1
8,67,1,1,0,1,19,1,68,55,0
8,67,1,1,0,1,19,1,72,44,1
25,64,1,1,0,1,9,1,87,46,1
25,64,1,1,0,1,3,1,94,84,1
25,64,1,1,0,2,12,0,85,63,1
25,64,1,1,0,3,1,0,98,88,1
25,64,1,1,0,2,4,1,58,55,1
25,64,1,1,0,3,18,0,60,99,1
25,64,1,1,0,2,8,1,71,40,0
33,74,0,1,0,2,15,1,87,52,1
24,80,0,1,1,3,16,1,98,50,1
24,80,0,1,1,1,20,0,51,43,1
24,80,0,1,1,1,1,1,96,59,0
24,80,0,1,1,1,16,0,71,96,1
24,80,0,1,1,1,15,0,88,84,0
24,80,1,1,1,3,16,1,98,50,1
24,80,1,1,1,1,20,0,51,43,1
24,80,1,1,1,1,1,1,96,59,0
24,80,1,1,1,1,16,0,71,96,1
24,80,1,1,1,1,15,0,88,84,0
24,80,1,1,1,3,16,1,98,50,1
24,80,1,1,1,1,20,0,51,43,1
24,80,1,1,1,1,1,1,96,59,0
24,80,1,1,1,1,16,0,71,96,1
24,80,1,1,1,1,15,0,88,84,0
24,80,0,1,1,3,16,1,98,50,1
24,80,0,1,1,1,20,0,51,43,1
24,80,0,1,1,1,1,1,96,59,0
24,80,0,1,1,1,16,0,71,96,1
24,80,0,1,1,1,15,0,88,84,0
24,80,0,1,1,3,16,1,98,50,1
24,80,0,1,1,1,20,0,51,43,1
24,80,0,1,1,1,1,1,96,59,0
24,80,0,1,1,1,16,0,71,96,1
24,80,0,1,1,1,15,0,88,84,0
24,80,0,1,1,3,16,1,98,50,1
24,80,0,1,1,1,20,0,51,43,1
24,80,0,1,1,1,1,1,96,59,0
24,80,0,1,1,1,16,0,71,96,1
24,80,0,1,1,1,15,0,88,84,0
24,80,1,1,1,3,16,1,98,50,1
24,80,1,1,1,1,20,0,51,43,1
24,80,1,1,1,1,1,1,96,59,0
24,80,1,1,1,1,16,0,71,96,1
24,80,1,1,1,1,15,0,88,84,0
14,77,0,1,0,1,5,0,68,92,1
14,77,0,1,0,1,13,1,77,97,1
14,77,0,1,0,2,20,1,67,69,1
14,77,0,1,0,1,5,0,68,92,1
14,77,0,1,0,1,13,1,77,97,1
14,77,0,1,0,2,20,1,67,69,1
14,77,1,1,0,1,5,0,68,92,1
14,77,1,1,0,1,13,1,77,97,1
14,77,1,1,0,2,20,1,67,69,1
16,98,1,1,1,0,1,1,79,59,1
16,98,1,1,1,0,11,0,63,43,1
16,98,1,1,1,3,19,0,73,80,0
16,98,1,1,1,0,16,0,65,67,0
16,98,1,1,1,0,0,1,84,99,1
16,98,0,1,1,0,1,1,79,59,1
16,98,0,1,1,0,11,0,63,43,1
16,98,0,1,1,3,19,0,73,80,0
16,98,0,1,1,0,16,0,65,67,0
16,98,0,1,1,0,0,1,84,99,1
16,98,1,1,1,0,1,1,79,59,1
16,98,1,1,1,0,11,0,63,43,1
16,98,1,1,1,3,19,0,73,80,0
16,98,1,1,1,0,16,0,65,67,0
16,98,1,1,1,0,0,1,84,99,1
31,69,0,0,1,1,3,0,55,85,1
31,69,0,0,1,1,20,0,98,64,1
31,69,1,1,1,1,3,0,55,85,1
31,69,1,1,1,1,20,0,98,64,1
31,69,1,1,1,1,3,0,55,85,1
31,69,1,1,1,1,20,0,98,64,1
19,81,0,0,0,1,16,0,85,57,1
19,81,0,0,0,2,2,1,76,74,1
19,81,0,1,0,1,16,0,85,57,1
19,81,0,1,0,2,2,1,76,74,1
19,81,1,0,0,1,16,0,85,57,1
19,81,1,0,0,2,2,1,76,74,1
19,81,0,1,0,1,16,0,85,57,1
19,81,0,1,0,2,2,1,76,74,1
21,89,1,1,1,0,4,0,86,40,1
21,89,1,1,1,0,4,0,86,40,1
21,89,1,1,1,0,4,0,86,40,1
21,89,0,1,1,0,4,0,86,40,1
21,89,0,1,1,0,4,0,86,40,1
23,97,1,1,1,0,11,0,86,77,1
23,97,1,1,1,1,17,0,55,76,1
23,97,1,1,1,2,9,0,60,99,1
23,97,1,1,1,0,11,0,86,77,1
23,97,1,1,1,1,17,0,55,76,1
23,97,1,1,1,2,9,0,60,99,1
23,97,0,0,1,0,11,0,86,77,1
23,97,0,0,1,1,17,0,55,76,1
23,97,0,0,1,2,9,0,60,99,1
23,97,1,1,1,0,11,0,86,77,1
23,97,1,1,1,1,17,0,55,76,1
23,97,1,1,1,2,9,0,60,99,1
23,97,1,0,1,0,11,0,86,77,1
23,97,1,0,1,1,17,0,55,76,1
23,97,1,0,1,2,9,0,60,99,1
23,97,1,1,1,0,11,0,86,77,1
23,97,1,1,1,1,17,0,55,76,1
23,97,1,1,1,2,9,0,60,99,1
23,97,1,1,1,0,11,0,86,77,1
23,97,1,1,1,1,17,0,55,76,1
23,97,1,1,1,2,9,0,60,99,1
23,97,1,1,1,0,11,0,86,77,1
23,97,1,1,1,1,17,0,55,76,1
26,78,1,1,0,2,15,0,53,73,1
26,78,1,1,0,1,14,1,65,48,1
26,78,1,1,0,0,5,0,59,71,1
26,78,1,1,0,0,13,0,78,66,0
26,78,1,0,0,2,15,0,53,73,1
26,78,1,0,0,1,14,1,65,48,1
26,78,1,0,0,0,5,0,59,71,1
26,78,1,0,0,0,13,0,78,66,0
26,78,0,1,0,2,15,0,53,73,1
26,78,0,1,0,1,14,1,65,48,1
26,78,0,1,0,0,5,0,59,71,1
26,78,0,1,0,0,13,0,78,66,0
26,78,0,1,0,2,15,0,53,73,1
26,78,0,1,0,1,14,1,65,48,1
26,78,0,1,0,0,5,0,59,71,1
26,78,0,1,0,0,13,0,78,66,0
27,96,1,0,1,2,0,0,89,46,1
27,96,1,1,1,2,0,0,89,46,1
27,96,0,1,1,2,0,0,89,46,1
13,64,1,1,1,1,11,1,72,92,0
13,64,1,1,1,1,11,1,72,92,0
13,64,1,1,1,1,11,1,72,92,0
13,64,1,1,1,1,11,1,72,92,0
18,63,0,1,0,0,18,1,85,87,0
18,63,0,1,0,1,18,1,93,54,0
18,63,0,1,0,0,18,1,85,87,0
18,63,0,1,0,1,18,1,93,54,0
18,63,0,1,0,0,18,1,85,87,0
18,63,0,1,0,1,18,1,93,54,0
18,63,1,1,0,0,18,1,85,87,0
18,63,1,1,0,1,18,1,93,54,0
18,63,1,1,0,0,18,1,85,87,0
18,63,1,1,0,1,18,1,93,54,0
28,97,0,1,0,1,3,1,98,71,1
28,97,1,1,0,1,3,1,98,71,1
19,75,0,1,1,3,18,0,57,45,0
19,75,0,1,1,3,1,0,57,48,0
19,75,1,1,1,3,18,0,57,45,0
19,75,1,1,1,3,1,0,57,48,0
19,75,0,1,1,3,18,0,57,45,0
19,75,0,1,1,3,1,0,57,48,0
19,75,1,1,1,3,18,0,57,45,0
19,75,1,1,1,3,1,0,57,48,0
20,78,0,1,0,3,3,1,93,67,1
20,78,0,1,0,1,9,1,51,57,0
20,78,0,1,0,1,10,0,51,88,1
20,78,1,1,0,3,3,1,93,67,1
20,78,1,1,0,1,9,1,51,57,0
20,78,1,1,0,1,10,0,51,88,1
20,78,0,0,0,3,3,1,93,67,1
20,78,0,0,0,1,9,1,51,57,0
20,78,0,0,0,1,10,0,51,88,1
20,78,0,1,0,3,3,1,93,67,1
20,78,0,1,0,1,9,1,51,57,0
20,78,0,1,0,1,10,0,51,88,1
13,85,1,0,0,0,2,1,75,82,0
13,85,1,0,0,1,18,1,75,53,0
13,85,1,1,0,0,2,1,75,82,0
13,85,1,1,0,1,18,1,75,53,0
13,85,1,1,0,0,2,1,75,82,0
13,85,1,1,0,1,18,1,75,53,0
13,85,1,1,0,0,2,1,75,82,0
13,85,1,1,0,1,18,1,75,53,0
13,85,1,1,0,0,2,1,75,82,0
13,85,1,1,0,1,18,1,75,53,0
30,61,0,1,1,0,17,1,75,63,1
14,67,0,1,0,1,16,1,89,73,1
14,67,0,1,0,1,2,0,91,77,1
14,67,0,1,0,0,19,1,78,77,1
14,67,0,1,0,0,13,1,75,86,1
14,67,0,1,0,1,15,1,78,82,1
14,67,0,1,0,1,16,1,89,73,1
14,67,0,1,0,1,2,0,91,77,1
14,67,0,1,0,0,19,1,78,77,1
14,67,0,1,0,0,13,1,75,86,1
14,67,0,1,0,1,15,1,78,82,1
14,67,1,1,0,1,16,1,89,73,1
14,67,1,1,0,1,2,0,91,77,1
14,67,1,1,0,0,19,1,78,77,1
14,67,1,1,0,0,13,1,75,86,1
14,67,1,1,0,1,15,1,78,82,1
14,67,1,0,0,1,16,1,89,73,1
14,67,1,0,0,1,2,0,91,77,1
14,67,1,0,0,0,19,1,78,77,1
14,67,1,0,0,0,13,1,75,86,1
14,67,1,0,0,1,15,1,78,82,1
7,74,0,1,1,3,13,1,61,52,1
7,74,0,1,1,3,13,1,61,52,1
16,74,0,1,0,0,15,1,72,93,0
16,74,0,1,0,1,17,1,59,46,1
16,74,1,1,0,0,15,1,72,93,0
16,74,1,1,0,1,17,1,59,46,1
16,74,1,1,0,0,15,1,72,93,0
16,74,1,1,0,1,17,1,59,46,1
16,74,1,1,0,0,15,1,72,93,0
16,74,1,1,0,1,17,1,59,46,1
16,74,1,1,0,0,15,1,72,93,0
16,74,1,1,0,1,17,1,59,46,1
16,74,0,1,0,0,15,1,72,93,0
16,74,0,1,0,1,17,1,59,46,1
12,79,0,1,0,3,8,0,50,67,1
12,79,0,1,0,3,8,0,50,67,1
12,79,1,1,0,3,8,0,50,67,1
30,73,0,1,1,0,12,0,64,94,1
30,73,0,1,1,0,18,1,65,91,0
30,73,0,1,1,2,5,1,65,79,1
30,73,0,1,1,1,4,1,74,89,1
30,73,0,1,1,2,16,1,89,73,1
30,73,1,1,1,0,12,0,64,94,1
30,73,1,1,1,0,18,1,65,91,0
30,73,1,1,1,2,5,1,65,79,1
30,73,1,1,1,1,4,1,74,89,1
30,73,1,1,1,2,16,1,89,73,1
26,64,0,1,1,0,12,1,52,87,1
26,64,0,1,1,1,2,1,53,84,1
26,64,0,1,1,0,12,1,52,87,1
26,64,0,1,1,1,2,1,53,84,1
26,64,0,1,1,0,12,1,52,87,1
26,64,0,1,1,1,2,1,53,84,1
26,64,0,1,1,0,12,1,52,87,1
26,64,0,1,1,1,2,1,53,84,1
26,64,1,1,1,0,12,1,52,87,1
26,64,1,1,1,1,2,1,53,84,1
26,64,0,1,1,0,12,1,52,87,1
26,64,0,1,1,1,2,1,53,84,1
26,64,1,1,1,0,12,1,52,87,1
26,64,1,1,1,1,2,1,53,84,1
26,64,1,0,1,0,12,1,52,87,1
26,64,1,0,1,1,2,1,53,84,1
16,66,0,1,1,3,20,0,57,70,1
16,66,0,1,1,1,13,0,82,81,0
16,66,0,1,1,3,7,1,66,64,0
16,66,1,1,1,3,20,0,57,70,1
16,66,1,1,1,1,13,0,82,81,0
16,66,1,1,1,3,7,1,66,64,0
16,66,0,1,1,3,20,0,57,70,1
16,66,0,1,1,1,13,0,82,81,0
16,66,0,1,1,3,7,1,66,64,0
16,66,1,1,1,3,20,0,57,70,1
16,66,1,1,1,1,13,0,82,81,0
16,66,1,1,1,3,7,1,66,64,0
16,66,0,1,1,3,20,0,57,70,1
16,66,0,1,1,1,13,0,82,81,0
15,68,0,1,0,2,20,1,71,89,1
15,68,0,0,0,2,1,1,69,66,0
15,68,0,0,0,2,1,0,72,84,1
15,68,0,0,0,1,4,1,97,89,0
15,68,0,0,0,1,20,1,98,92,1
15,68,0,0,0,2,20,1,71,89,1
15,68,0,1,0,2,1,1,69,66,0
15,68,0,1,0,2,1,0,72,84,1
15,68,0,1,0,1,4,1,97,89,0
15,68,0,1,0,1,20,1,98,92,1
15,68,0,1,0,2,20,1,71,89,1
33,89,0,1,1,0,11,1,65,57,1
20,88,0,1,1,0,8,1,98,65,1
20,88,0,1,1,2,5,1,97,78,0
20,88,0,1,1,0,7,1,73,62,1
20,88,1,1,1,0,8,1,98,65,1
20,88,1,1,1,2,5,1,97,78,0
20,88,1,1,1,0,7,1,73,62,1
20,88,0,1,1,0,8,1,98,65,1
20,88,0,1,1,2,5,1,97,78,0
20,88,0,1,1,0,7,1,73,62,1
20,88,1,0,1,0,8,1,98,65,1
20,88,1,0,1,2,5,1,97,78,0
20,88,1,0,1,0,7,1,73,62,1
19,98,1,1,1,0,19,1,86,100,1
19,98,1,1,1,0,3,1,89,49,1
19,98,1,1,1,3,12,0,61,50,1
19,98,1,1,1,1,5,1,74,65,0
19,98,1,0,1,0,19,1,86,100,1
19,98,1,0,1,0,3,1,89,49,1
19,98,1,0,1,3,12,0,61,50,1
19,98,1,0,1,1,5,1,74,65,0
19,98,1,1,1,0,19,1,86,100,1
19,98,1,1,1,0,3,1,89,49,1
19,98,1,1,1,3,12,0,61,50,1
19,98,1,1,1,1,5,1,74,65,0
19,98,1,1,1,0,19,1,86,100,1
19,98,1,1,1,0,3,1,89,49,1
19,98,1,1,1,3,12,0,61,50,1
19,98,1,1,1,1,5,1,74,65,0
19,98,1,1,1,0,19,1,86,100,1
19,98,1,1,1,0,3,1,89,49,1
19,98,1,1,1,3,12,0,61,50,1
19,98,1,1,1,1,5,1,74,65,0
33,68,1,1,1,2,11,1,59,61,1
33,68,1,1,1,3,2,1,79,41,1
33,68,1,1,1,2,15,0,51,76,1
33,68,1,1,1,0,19,1,94,62,0
12,63,0,1,1,3,4,0,54,68,1
12,63,0,1,1,2,7,1,75,71,1
12,63,0,1,1,3,4,0,54,68,1
12,63,0,1,1,2,7,1,75,71,1
19,76,1,1,0,1,14,1,63,80,1
15,82,1,1,1,2,1,1,97,55,1
15,82,1,1,1,1,14,1,80,51,1
15,82,1,1,1,1,15,1,67,90,0
15,82,1,1,1,3,17,0,75,90,1
15,82,1,1,1,2,6,1,81,49,0
15,82,1,0,1,2,1,1,97,55,1
15,82,1,0,1,1,14,1,80,51,1
15,82,1,0,1,1,15,1,67,90,0
15,82,1,0,1,3,17,0,75,90,1
15,82,1,0,1,2,6,1,81,49,0
23,92,1,1,1,2,0,1,80,55,1
23,92,1,1,1,2,0,1,80,55,1
23,92,1,1,1,2,0,1,80,55,1
23,92,0,1,1,2,0,1,80,55,1
23,92,1,1,1,2,0,1,80,55,1
20,91,1,1,1,3,20,1,59,84,1
20,91,1,1,1,3,20,1,59,84,1
20,91,1,1,1,3,20,1,59,84,1
20,91,0,1,1,3,20,1,59,84,1
20,91,0,1,1,3,20,1,59,84,1
20,91,1,1,1,3,20,1,59,84,1
16,74,1,1,1,3,1,0,61,66,1
16,74,1,1,1,0,13,1,82,68,1
16,74,1,1,1,3,1,0,61,66,1
16,74,1,1,1,0,13,1,82,68,1
16,74,0,1,1,3,1,0,61,66,1
16,74,0,1,1,0,13,1,82,68,1
16,74,0,1,1,3,1,0,61,66,1
16,74,0,1,1,0,13,1,82,68,1
19,82,1,1,1,0,12,1,64,59,0
19,82,1,1,1,1,18,1,86,76,0
19,82,1,1,1,1,13,0,99,62,1
19,82,1,1,1,0,5,1,68,90,0
19,82,0,1,1,0,12,1,64,59,0
19,82,0,1,1,1,18,1,86,76,0
19,82,0,1,1,1,13,0,99,62,1
19,82,0,1,1,0,5,1,68,90,0
19,82,0,1,1,0,12,1,64,59,0
19,82,0,1,1,1,18,1,86,76,0
19,82,0,1,1,1,13,0,99,62,1
19,82,0,1,1,0,5,1,68,90,0
19,82,0,1,1,0,12,1,64,59,0
19,82,0,1,1,1,18,1,86,76,0
19,82,0,1,1,1,13,0,99,62,1
19,82,0,1,1,0,5,1,68,90,0
19,82,0,1,1,0,12,1,64,59,0
19,82,0,1,1,1,18,1,86,76,0
19,82,0,1,1,1,13,0,99,62,1
19,82,0,1,1,0,5,1,68,90,0
23,69,1,1,0,1,2,0,67,53,0
23,69,1,1,0,3,3,0,86,40,1
8,80,0,1,0,1,4,1,67,43,1
19,71,0,1,0,0,17,0,67,66,1
19,71,0,1,0,0,2,1,68,57,1
19,71,0,1,0,1,3,1,73,77,1
19,71,1,1,0,0,17,0,67,66,1
19,71,1,1,0,0,2,1,68,57,1
19,71,1,1,0,1,3,1,73,77,1
19,71,1,1,0,0,17,0,67,66,1
19,71,1,1,0,0,2,1,68,57,1
19,71,1,1,0,1,3,1,73,77,1
19,71,1,1,0,0,17,0,67,66,1
19,71,1,1,0,0,2,1,68,57,1
19,71,1,1,0,1,3,1,73,77,1
19,71,1,1,0,0,17,0,67,66,1
19,71,1,1,0,0,2,1,68,57,1
19,71,1,1,0,1,3,1,73,77,1
13,67,1,1,1,1,12,0,78,62,0
13,67,1,1,1,0,19,1,77,52,1
13,67,1,1,1,0,2,0,50,54,1
13,67,1,1,1,1,12,0,78,62,0
13,67,1,1,1,0,19,1,77,52,1
13,67,1,1,1,0,2,0,50,54,1
13,67,1,1,1,1,12,0,78,62,0
13,67,1,1,1,0,19,1,77,52,1
13,67,1,1,1,0,2,0,50,54,1
13,67,1,1,1,1,12,0,78,62,0
13,67,1,1,1,0,19,1,77,52,1
13,67,1,1,1,0,2,0,50,54,1
16,93,1,1,0,1,6,1,84,46,1
16,93,1,1,0,1,6,1,84,46,1
16,93,1,1,0,1,6,1,84,46,1
18,68,0,1,0,2,11,1,80,80,1
18,68,0,1,0,1,10,0,55,79,0
18,68,0,1,0,2,11,1,80,80,1
18,68,0,1,0,1,10,0,55,79,0
18,67,0,1,0,3,0,1,57,79,0
18,67,0,1,0,0,15,1,62,85,1
18,67,0,1,0,1,9,1,61,76,0
18,67,1,1,0,3,0,1,57,79,0
18,67,1,1,0,0,15,1,62,85,1
18,67,1,1,0,1,9,1,61,76,0
21,66,0,0,1,2,16,0,68,72,0
21,66,0,1,1,2,16,0,68,72,0
21,66,1,1,1,2,16,0,68,72,0
26,90,0,1,0,0,3,1,62,81,0
26,90,0,1,0,0,7,0,63,97,1
26,90,0,1,0,0,11,0,67,55,1
26,90,0,1,0,3,8,1,88,94,1
26,90,0,1,0,2,1,1,80,62,1
26,90,1,1,0,0,3,1,62,81,0
26,90,1,1,0,0,7,0,63,97,1
26,90,1,1,0,0,11,0,67,55,1
26,90,1,1,0,3,8,1,88,94,1
26,90,1,1,0,2,1,1,80,62,1
26,90,0,1,0,0,3,1,62,81,0
26,90,0,1,0,0,7,0,63,97,1
26,90,0,1,0,0,11,0,67,55,1
26,90,0,1,0,3,8,1,88,94,1
26,90,0,1,0,2,1,1,80,62,1
11,84,1,1,0,1,6,1,75,43,1
11,84,0,1,0,1,6,1,75,43,1
11,84,1,1,0,1,6,1,75,43,1
11,84,1,1,0,1,6,1,75,43,1
5,87,0,1,0,0,19,1,77,59,0
19,86,0,1,1,0,20,1,56,70,1
19,86,1,1,1,0,20,1,56,70,1
19,86,0,1,1,0,20,1,56,70,1
19,86,1,1,1,0,20,1,56,70,1
13,60,1,1,1,0,8,0,71,92,0
13,60,0,1,1,0,8,0,71,92,0
13,60,0,1,1,0,8,0,71,92,0
13,60,0,1,1,0,8,0,71,92,0
13,60,1,1,1,0,8,0,71,92,0
9,61,1,0,1,1,3,0,70,83,1
9,61,1,1,1,1,3,0,70,83,1
17,71,1,1,0,2,2,0,55,46,1
17,71,1,1,0,0,14,0,72,44,1
17,71,1,1,0,2,16,1,58,69,1
17,71,1,1,0,2,2,0,55,46,1
17,71,1,1,0,0,14,0,72,44,1
17,71,1,1,0,2,16,1,58,69,1
17,71,0,1,0,2,2,0,55,46,1
17,71,0,1,0,0,14,0,72,44,1
17,71,0,1,0,2,16,1,58,69,1
17,71,0,1,0,2,2,0,55,46,1
17,71,0,1,0,0,14,0,72,44,1
17,71,0,1,0,2,16,1,58,69,1
11,61,1,1,0,1,20,1,80,55,1
11,61,1,1,0,0,10,1,53,46,0
11,61,1,1,0,3,8,0,72,84,1
20,74,0,1,1,2,19,1,59,53,1
20,74,0,1,1,2,6,1,96,88,1
20,74,1,1,1,2,19,1,59,53,1
20,74,1,1,1,2,6,1,96,88,1
20,74,0,1,1,2,19,1,59,53,1
20,74,0,1,1,2,6,1,96,88,1
20,74,1,1,1,2,19,1,59,53,1
20,74,1,1,1,2,6,1,96,88,1
20,74,0,1,1,2,19,1,59,53,1
20,74,0,1,1,2,6,1,96,88,1
20,74,1,1,1,2,19,1,59,53,1
20,74,1,1,1,2,6,1,96,88,1
23,64,0,1,1,2,3,0,86,95,1
23,64,0,1,1,1,9,0,64,75,0
23,64,1,1,1,2,3,0,86,95,1
23,64,1,1,1,1,9,0,64,75,0
23,64,1,1,1,2,3,0,86,95,1
23,64,1,1,1,1,9,0,64,75,0
23,64,1,1,1,2,3,0,86,95,1
23,64,1,1,1,1,9,0,64,75,0
23,64,0,1,1,2,3,0,86,95,1
23,64,0,1,1,1,9,0,64,75,0
23,64,1,1,1,2,3,0,86,95,1
23,64,1,1,1,1,9,0,64,75,0
21,80,0,1,0,2,0,1,50,75,1
21,80,0,1,0,0,15,1,96,87,0
21,80,0,1,0,0,16,1,64,88,1
21,80,1,1,0,2,0,1,50,75,1
21,80,1,1,0,0,15,1,96,87,0
21,80,1,1,0,0,16,1,64,88,1
21,80,1,1,0,2,0,1,50,75,1
21,80,1,1,0,0,15,1,96,87,0
21,80,1,1,0,0,16,1,64,88,1
21,80,1,1,0,2,0,1,50,75,1
21,80,1,1,0,0,15,1,96,87,0
21,80,1,1,0,0,16,1,64,88,1
21,80,1,1,0,2,0,1,50,75,1
21,80,1,1,0,0,15,1,96,87,0
21,80,1,1,0,0,16,1,64,88,1
21,80,0,1,0,2,0,1,50,75,1
21,80,0,1,0,0,15,1,96,87,0
21,80,0,1,0,0,16,1,64,88,1
14,91,1,1,1,0,16,0,86,79,1
14,91,1,1,1,0,16,0,86,79,1
14,91,1,1,1,0,16,0,86,79,1
14,91,1,1,1,0,16,0,86,79,1
14,91,1,1,1,0,16,0,86,79,1
27,69,0,1,1,2,16,0,77,87,0
27,69,1,1,1,2,16,0,77,87,0
27,69,1,1,1,2,16,0,77,87,0
14,100,0,1,1,0,10,1,79,56,1
14,100,0,1,1,1,5,1,73,72,0
30,66,0,1,1,2,0,1,55,63,1
30,66,0,0,1,2,0,1,55,63,1
26,90,1,1,1,0,18,1,73,47,0
26,90,1,1,1,0,18,1,73,47,0
26,90,1,1,1,0,18,1,73,47,0
26,90,1,1,1,0,18,1,73,47,0
16,77,0,1,1,2,2,1,95,51,0
16,77,1,1,1,2,2,1,95,51,0
16,77,1,0,1,2,2,1,95,51,0
24,92,1,1,0,3,2,1,82,87,0
24,92,1,1,0,0,16,0,70,96,1
24,92,0,1,0,3,2,1,82,87,0
24,92,0,1,0,0,16,0,70,96,1
24,92,0,1,0,3,2,1,82,87,0
24,92,0,1,0,0,16,0,70,96,1
24,92,0,1,0,3,2,1,82,87,0
24,92,0,1,0,0,16,0,70,96,1
24,92,0,1,0,3,2,1,82,87,0
24,92,0,1,0,0,16,0,70,96,1
24,92,1,1,0,3,2,1,82,87,0
24,92,1,1,0,0,16,0,70,96,1
28,82,1,1,1,2,7,1,80,67,1
28,82,1,1,1,0,14,1,93,82,1
28,82,1,1,1,2,0,1,51,99,1
28,82,0,1,1,2,7,1,80,67,1
28,82,0,1,1,0,14,1,93,82,1
28,82,0,1,1,2,0,1,51,99,1
28,82,1,1,1,2,7,1,80,67,1
28,82,1,1,1,0,14,1,93,82,1
28,82,1,1,1,2,0,1,51,99,1
29,100,1,1,0,3,20,0,87,56,1
29,100,1,1,0,1,20,1,90,69,0
29,100,1,0,0,3,20,0,87,56,1
29,100,1,0,0,1,20,1,90,69,0
15,85,0,1,1,0,14,1,76,67,1
15,85,0,1,1,2,5,1,60,46,1
15,85,0,1,1,3,5,0,54,82,0
15,85,1,1,1,0,14,1,76,67,1
15,85,1,1,1,2,5,1,60,46,1
15,85,1,1,1,3,5,0,54,82,0
15,85,0,1,1,0,14,1,76,67,1
15,85,0,1,1,2,5,1,60,46,1
15,85,0,1,1,3,5,0,54,82,0
15,85,1,1,1,0,14,1,76,67,1
15,85,1,1,1,2,5,1,60,46,1
15,85,1,1,1,3,5,0,54,82,0
15,85,0,1,1,0,14,1,76,67,1
15,85,0,1,1,2,5,1,60,46,1
15,85,0,1,1,3,5,0,54,82,0
32,88,0,1,1,1,11,1,70,63,1
32,88,0,1,1,1,11,1,88,45,1
32,88,1,1,1,1,11,1,70,63,1
32,88,1,1,1,1,11,1,88,45,1
27,80,0,1,1,3,11,0,84,52,1
27,80,1,1,1,3,11,0,84,52,1
27,80,1,1,1,3,11,0,84,52,1
27,80,0,1,1,3,11,0,84,52,1
27,80,0,0,1,3,11,0,84,52,1
27,80,1,1,1,3,11,0,84,52,1
14,70,1,1,0,3,5,1,97,76,1
14,70,1,1,0,1,10,0,67,66,0
14,70,1,1,0,3,19,1,81,93,1
14,70,1,1,0,0,16,1,73,97,1
14,70,1,1,0,3,5,1,97,76,1
14,70,1,1,0,1,10,0,67,66,0
14,70,1,1,0,3,19,1,81,93,1
14,70,1,1,0,0,16,1,73,97,1
27,61,1,1,0,0,4,1,100,86,1
26,81,0,1,0,2,1,0,56,58,1
26,81,0,1,0,3,5,1,77,50,1
26,81,0,1,0,2,1,0,50,86,0
26,81,0,1,0,1,9,1,100,72,0
26,81,1,1,0,2,1,0,56,58,1
26,81,1,1,0,3,5,1,77,50,1
26,81,1,1,0,2,1,0,50,86,0
26,81,1,1,0,1,9,1,100,72,0
26,81,0,1,0,2,1,0,56,58,1
26,81,0,1,0,3,5,1,77,50,1
26,81,0,1,0,2,1,0,50,86,0
26,81,0,1,0,1,9,1,100,72,0
26,81,1,1,0,2,1,0,56,58,1
26,81,1,1,0,3,5,1,77,50,1
26,81,1,1,0,2,1,0,50,86,0
26,81,1,1,0,1,9,1,100,72,0
26,81,1,1,0,2,1,0,56,58,1
26,81,1,1,0,3,5,1,77,50,1
26,81,1,1,0,2,1,0,50,86,0
26,81,1,1,0,1,9,1,100,72,0
11,97,1,1,1,2,5,0,51,46,1
11,97,1,1,1,2,5,0,51,46,1
11,97,0,1,1,2,5,0,51,46,1
18,77,1,1,0,2,19,0,80,56,1
18,77,1,1,0,1,6,0,73,41,0
18,77,1,1,0,2,8,0,70,95,0
18,77,1,1,0,2,19,0,80,56,1
18,77,1,1,0,1,6,0,73,41,0
18,77,1,1,0,2,8,0,70,95,0
18,77,1,0,0,2,19,0,80,56,1
18,77,1,0,0,1,6,0,73,41,0
18,77,1,0,0,2,8,0,70,95,0
18,77,0,1,0,2,19,0,80,56,1
18,77,0,1,0,1,6,0,73,41,0
18,77,0,1,0,2,8,0,70,95,0
28,91,0,1,1,2,1,0,61,71,1
28,91,0,1,1,3,5,1,86,55,1
28,91,1,1,1,2,1,0,61,71,1
28,91,1,1,1,3,5,1,86,55,1
28,91,1,1,1,2,1,0,61,71,1
28,91,1,1,1,3,5,1,86,55,1
28,91,0,1,1,2,1,0,61,71,1
28,91,0,1,1,3,5,1,86,55,1
23,65,1,1,0,3,10,0,94,42,1
23,65,1,1,0,1,12,1,90,82,1
23,65,0,1,0,3,10,0,94,42,1
23,65,0,1,0,1,12,1,90,82,1
23,65,1,1,0,3,10,0,94,42,1
23,65,1,1,0,1,12,1,90,82,1
33,87,0,1,1,1,19,1,81,64,0
33,87,0,1,1,2,9,1,52,76,1
33,87,0,1,1,2,19,0,74,82,0
33,87,0,1,1,1,19,0,82,100,1
26,92,1,1,0,1,6,0,56,62,1