Date,Price,Open,High,Low,Vol.,Change %
1/1/2021,0.2372,0.2193,0.25,0.2164,2.98B,8.18%
1/2/2021,0.221,0.2373,0.2381,0.2114,2.48B,-6.84%
1/3/2021,0.2248,0.2209,0.2378,0.2154,2.49B,1.73%
1/4/2021,0.2357,0.225,0.2599,0.2177,3.14B,4.87%
1/5/2021,0.2254,0.2357,0.2418,0.2182,2.46B,-4.37%
1/6/2021,0.2487,0.2255,0.2719,0.2216,3.53B,10.32%
1/7/2021,0.3235,0.2487,0.3688,0.2457,7.31B,30.06%
1/8/2021,0.3208,0.3235,0.3459,0.2857,3.83B,-0.83%
1/9/2021,0.3243,0.3207,0.339,0.3063,2.38B,1.10%
1/10/2021,0.3152,0.3243,0.3666,0.2893,3.31B,-2.81%
1/11/2021,0.2875,0.315,0.3157,0.2558,3.79B,-8.78%
1/12/2021,0.2925,0.2875,0.309,0.2779,2.38B,1.71%
1/13/2021,0.3058,0.2926,0.3099,0.2854,1.25B,4.54%
1/14/2021,0.2966,0.3057,0.3086,0.2836,1.48B,-2.99%
1/15/2021,0.2804,0.2966,0.303,0.2626,1.40B,-5.47%
1/16/2021,0.2795,0.2802,0.2963,0.2754,1.18B,-0.31%
1/17/2021,0.2774,0.2792,0.2854,0.2688,900.72M,-0.75%
1/18/2021,0.2854,0.2774,0.2886,0.2717,904.13M,2.87%
1/19/2021,0.2946,0.2854,0.3279,0.2841,2.07B,3.21%
1/20/2021,0.2953,0.2945,0.3104,0.2804,1.50B,0.26%
1/21/2021,0.2681,0.2953,0.3072,0.2605,1.63B,-9.21%
1/22/2021,0.2726,0.2681,0.2782,0.2416,1.49B,1.68%
1/23/2021,0.2717,0.2725,0.283,0.2657,798.56M,-0.35%
1/24/2021,0.2732,0.2716,0.2778,0.2686,645.08M,0.57%
1/25/2021,0.2676,0.2732,0.2839,0.2671,837.93M,-2.06%
1/26/2021,0.2684,0.2676,0.2708,0.2581,636.91M,0.31%
1/27/2021,0.2507,0.2684,0.2686,0.2444,773.60M,-6.59%
1/28/2021,0.2641,0.2507,0.27,0.2473,765.96M,5.35%
1/29/2021,0.2828,0.2641,0.3166,0.2604,3.05B,7.05%
1/30/2021,0.443,0.2828,0.5088,0.2788,9.31B,56.67%
1/31/2021,0.4949,0.4433,0.5077,0.3901,6.96B,11.71%
2/1/2021,0.3716,0.4949,0.7536,0.3615,13.39B,-24.91%
2/2/2021,0.3723,0.3716,0.4107,0.3413,3.53B,0.18%
2/3/2021,0.3973,0.3723,0.417,0.3723,2.25B,6.70%
2/4/2021,0.4443,0.3973,0.4797,0.3807,3.59B,11.83%
2/5/2021,0.4518,0.4445,0.4708,0.4263,2.41B,1.70%
2/6/2021,0.4427,0.4518,0.4559,0.4269,1.31B,-2.01%
2/7/2021,0.4184,0.4427,0.4503,0.3979,1.75B,-5.49%
2/8/2021,0.4508,0.4184,0.4667,0.4128,1.82B,7.75%
2/9/2021,0.4764,0.4508,0.4894,0.4499,1.99B,5.68%
2/10/2021,0.5047,0.4764,0.5398,0.4534,3.36B,5.94%
2/11/2021,0.5282,0.5047,0.535,0.5015,1.53B,4.65%
2/12/2021,0.6089,0.5282,0.619,0.5196,2.58B,15.29%
2/13/2021,0.633,0.6089,0.6421,0.5477,2.48B,3.96%
2/14/2021,0.5925,0.6335,0.6379,0.5652,1.59B,-6.40%
2/15/2021,0.5494,0.5924,0.6039,0.5112,2.03B,-7.28%
2/16/2021,0.5196,0.5494,0.579,0.4862,1.78B,-5.43%
2/17/2021,0.534,0.5199,0.5559,0.4938,1.41B,2.77%
2/18/2021,0.5306,0.5344,0.5595,0.5214,1.12B,-0.63%
2/19/2021,0.5633,0.5319,0.5791,0.5149,1.60B,6.15%
2/20/2021,0.512,0.5648,0.5811,0.4752,1.90B,-9.10%
2/21/2021,0.5439,0.512,0.5573,0.5052,1.48B,6.24%
2/22/2021,0.5658,0.5439,0.6462,0.5163,5.43B,4.02%
2/23/2021,0.4749,0.5658,0.5706,0.3672,4.22B,-16.07%
2/24/2021,0.4692,0.4761,0.4993,0.4517,1.56B,-1.19%
2/25/2021,0.4356,0.4685,0.4815,0.426,1.08B,-7.17%
2/26/2021,0.4278,0.4359,0.4503,0.413,1.42B,-1.79%
2/27/2021,0.4357,0.4278,0.4579,0.4278,896.32M,1.85%
2/28/2021,0.4153,0.4358,0.4379,0.3934,1.05B,-4.69%
3/1/2021,0.4455,0.4157,0.4526,0.4123,927.26M,7.28%
3/2/2021,0.4358,0.4455,0.4541,0.423,920.49M,-2.18%
3/3/2021,0.4484,0.4358,0.4672,0.4314,917.03M,2.90%
3/4/2021,0.4809,0.4484,0.4938,0.4362,1.83B,7.23%
3/5/2021,0.455,0.4809,0.4828,0.4466,1.17B,-5.38%
3/6/2021,0.463,0.455,0.4702,0.4499,575.65M,1.75%
3/7/2021,0.4653,0.463,0.4686,0.4573,505.07M,0.51%
3/8/2021,0.4736,0.4653,0.4876,0.4553,1.00B,1.77%
3/9/2021,0.485,0.474,0.4866,0.4718,685.95M,2.41%
3/10/2021,0.4616,0.485,0.488,0.456,867.45M,-4.83%
3/11/2021,0.4516,0.4616,0.4641,0.441,752.19M,-2.17%
3/12/2021,0.4394,0.4519,0.4639,0.4251,969.06M,-2.69%
3/13/2021,0.4577,0.4394,0.4651,0.4327,815.65M,4.16%
3/14/2021,0.4393,0.4577,0.4615,0.4393,609.22M,-4.02%
3/15/2021,0.4357,0.4391,0.4481,0.4235,805.42M,-0.83%
3/16/2021,0.4604,0.4357,0.5198,0.4275,2.30B,5.67%
3/17/2021,0.47,0.4604,0.4816,0.4544,913.27M,2.09%
3/18/2021,0.4689,0.47,0.4903,0.4658,837.87M,-0.24%
3/19/2021,0.4667,0.4688,0.4749,0.4598,529.83M,-0.46%
3/20/2021,0.5245,0.4665,0.5497,0.4647,1.85B,12.38%
3/21/2021,0.5167,0.5246,0.5462,0.4958,1.39B,-1.48%
3/22/2021,0.5441,0.5165,0.5995,0.5024,2.71B,5.31%
3/23/2021,0.5504,0.5441,0.5956,0.5383,1.77B,1.16%
3/24/2021,0.4821,0.5504,0.5624,0.4539,1.56B,-12.41%
3/25/2021,0.5109,0.4801,0.5239,0.4603,1.56B,5.96%
3/26/2021,0.563,0.5109,0.5752,0.5105,1.30B,10.22%
3/27/2021,0.5479,0.5634,0.5741,0.5345,738.34M,-2.69%
3/28/2021,0.5457,0.5479,0.5599,0.5403,531.13M,-0.41%
3/29/2021,0.5654,0.5456,0.57,0.5437,835.17M,3.61%
3/30/2021,0.5622,0.5654,0.5854,0.5592,899.98M,-0.55%
3/31/2021,0.5696,0.5622,0.5759,0.5309,1.16B,1.30%
4/1/2021,0.5705,0.5696,0.5918,0.5507,1.13B,0.17%
4/2/2021,0.6068,0.5706,0.609,0.5657,1.27B,6.35%
4/3/2021,0.5789,0.6068,0.6414,0.5747,1.59B,-4.60%
4/4/2021,0.6349,0.5789,0.6356,0.5688,1.00B,9.68%
4/5/2021,0.9132,0.6349,0.9356,0.6196,5.22B,43.84%
4/6/2021,1.0906,0.9133,1.1147,0.8132,6.43B,19.42%
4/7/2021,0.9166,1.0914,1.1013,0.8597,3.88B,-15.95%
4/8/2021,1.0578,0.9166,1.072,0.9042,2.03B,15.41%
4/9/2021,1.0192,1.0578,1.0833,0.9849,1.61B,-3.66%
4/10/2021,1.3743,1.0191,1.3953,1.0071,4.31B,34.85%
4/11/2021,1.355,1.3743,1.4901,1.3084,3.15B,-1.41%
4/12/2021,1.4677,1.3548,1.4719,1.3197,1.78B,8.32%
4/13/2021,1.7963,1.4684,1.8863,1.4212,4.05B,22.38%
4/14/2021,1.8363,1.7961,1.9633,1.5703,3.58B,2.23%
4/15/2021,1.7578,1.8356,1.8841,1.6585,1.84B,-4.27%
4/16/2021,1.5475,1.7584,1.804,1.4407,2.86B,-11.97%
4/17/2021,1.5406,1.5477,1.7388,1.5331,1.74B,-0.44%
4/18/2021,1.4079,1.5396,1.5627,1.1619,3.48B,-8.61%
4/19/2021,1.3092,1.4081,1.5308,1.2565,2.64B,-7.02%
4/20/2021,1.3861,1.3094,1.4452,1.1831,2.45B,5.88%
4/21/2021,1.2905,1.3861,1.4624,1.2829,2.00B,-6.90%
4/22/2021,1.1589,1.2907,1.4176,1.1043,2.74B,-10.20%
4/23/2021,1.1702,1.1586,1.1959,0.8937,4.24B,0.98%
4/24/2021,1.0501,1.1703,1.171,1.0233,1.69B,-10.26%
4/25/2021,1.0338,1.0501,1.1536,0.9509,1.74B,-1.55%
4/26/2021,1.367,1.0338,1.3688,1.0179,2.94B,32.23%
4/27/2021,1.4017,1.3667,1.4583,1.3324,2.40B,2.54%
4/28/2021,1.358,1.4018,1.4466,1.2876,1.77B,-3.12%
4/29/2021,1.3981,1.3579,1.4171,1.3281,1.37B,2.96%
4/30/2021,1.5971,1.3981,1.6352,1.376,2.26B,14.23%
5/1/2021,1.6507,1.5985,1.6646,1.5292,1.11B,3.36%
5/2/2021,1.5611,1.6507,1.6535,1.5321,947.88M,-5.43%
5/3/2021,1.5547,1.5611,1.6191,1.5241,1.05B,-0.41%
5/4/2021,1.3966,1.5546,1.557,1.3549,2.18B,-10.17%
5/5/2021,1.614,1.3975,1.6207,1.3975,2.01B,15.56%
5/6/2021,1.6029,1.6139,1.76,1.5453,2.37B,-0.68%
5/7/2021,1.581,1.603,1.6896,1.5115,1.44B,-1.37%
5/8/2021,1.5624,1.5809,1.6261,1.5415,796.72M,-1.18%
5/9/2021,1.5345,1.5623,1.5932,1.4482,1.16B,-1.79%
5/10/2021,1.391,1.5345,1.6261,1.2369,1.90B,-9.35%
5/11/2021,1.478,1.3911,1.4868,1.3587,1.18B,6.25%
5/12/2021,1.2683,1.4781,1.5435,1.2431,1.65B,-14.19%
5/13/2021,1.3614,1.269,1.3888,1.2054,2.14B,7.34%
5/14/2021,1.4034,1.3616,1.4433,1.3225,1.19B,3.09%
5/15/2021,1.4859,1.4023,1.5799,1.3246,2.30B,5.88%
5/16/2021,1.4497,1.4859,1.6087,1.3489,2.21B,-2.44%
5/17/2021,1.4959,1.4483,1.5626,1.3264,2.40B,3.19%
5/18/2021,1.5905,1.4959,1.6998,1.4742,2.67B,6.33%
5/19/2021,1.0617,1.5905,1.6429,0.8754,5.03B,-33.25%
5/20/2021,1.1796,1.0616,1.2645,0.9119,3.04B,11.10%
5/21/2021,1.006,1.1796,1.2158,0.8673,2.73B,-14.71%
5/22/2021,0.905,1.0057,1.0134,0.8201,2.28B,-10.04%
5/23/2021,0.7915,0.905,0.9659,0.6507,3.15B,-12.54%
5/24/2021,0.9914,0.7915,0.9956,0.7567,2.34B,25.25%
5/25/2021,0.9743,0.9915,1.0527,0.8808,2.42B,-1.72%
5/26/2021,1.0317,0.9744,1.0664,0.9489,1.68B,5.88%
5/27/2021,0.9705,1.0317,1.0403,0.9339,1.41B,-5.93%
5/28/2021,0.8992,0.9706,0.983,0.8473,1.74B,-7.35%
5/29/2021,0.8304,0.8991,0.9385,0.7948,1.47B,-7.65%
5/30/2021,0.9061,0.8304,0.93,0.7988,1.21B,9.12%
5/31/2021,1.0429,0.9059,1.0489,0.8832,1.78B,15.10%
6/1/2021,1.0106,1.0412,1.0973,0.9771,1.61B,-3.10%
6/2/2021,1.0244,1.0106,1.0477,0.9814,950.13M,1.36%
6/3/2021,1.0443,1.0244,1.0773,1.0078,974.27M,1.94%
6/4/2021,0.9693,1.0443,1.0459,0.919,1.27B,-7.18%
6/5/2021,0.9227,0.9688,0.9972,0.8969,898.30M,-4.80%
6/6/2021,0.9449,0.9227,0.9478,0.9177,559.24M,2.41%
6/7/2021,0.8634,0.9452,0.9738,0.8484,993.30M,-8.62%
6/8/2021,0.8739,0.8634,0.8838,0.7858,1.37B,1.21%
6/9/2021,0.9197,0.8738,0.9197,0.8315,1.13B,5.24%
6/10/2021,0.8684,0.9198,0.927,0.8534,838.31M,-5.58%
6/11/2021,0.8475,0.8685,0.8792,0.8344,568.45M,-2.41%
6/12/2021,0.8312,0.8475,0.8476,0.8064,558.73M,-1.92%
6/13/2021,0.8833,0.8316,0.8878,0.8185,503.67M,6.26%
6/14/2021,0.8903,0.8833,0.9269,0.8632,659.19M,0.80%
6/15/2021,0.8666,0.8903,0.9011,0.8595,537.37M,-2.66%
6/16/2021,0.8319,0.8666,0.8731,0.8264,603.79M,-4.00%
6/17/2021,0.8412,0.8318,0.8608,0.8249,475.79M,1.11%
6/18/2021,0.7958,0.8412,0.8445,0.7719,617.48M,-5.39%
6/19/2021,0.7598,0.7969,0.805,0.7559,459.27M,-4.53%
6/20/2021,0.7742,0.7596,0.7841,0.6981,866.85M,1.90%
6/21/2021,0.6073,0.7742,0.7788,0.6052,1.59B,-21.56%
6/22/2021,0.5449,0.6065,0.6489,0.5102,2.31B,-10.27%
6/23/2021,0.6379,0.5468,0.6634,0.5227,1.70B,17.05%
6/24/2021,0.6722,0.6383,0.6915,0.6172,928.59M,5.39%
6/25/2021,0.6118,0.6724,0.6881,0.6037,1.13B,-8.99%
6/26/2021,0.6166,0.6117,0.6317,0.5821,752.44M,0.79%
6/27/2021,0.6475,0.6167,0.6513,0.5973,647.73M,5.00%
6/28/2021,0.6439,0.6475,0.6555,0.6244,636.01M,-0.55%
6/29/2021,0.7052,0.6439,0.7285,0.6423,1.01B,9.52%
6/30/2021,0.7054,0.706,0.714,0.6492,894.67M,0.02%
7/1/2021,0.66,0.7053,0.7054,0.6467,679.69M,-6.44%
7/2/2021,0.6563,0.6599,0.6671,0.6337,521.33M,-0.55%
7/3/2021,0.6764,0.6563,0.6801,0.6439,436.32M,3.07%
7/4/2021,0.6959,0.6764,0.7088,0.6764,446.37M,2.88%
7/5/2021,0.653,0.696,0.6961,0.6461,600.33M,-6.17%
7/6/2021,0.6648,0.6529,0.6794,0.6519,486.93M,1.81%
7/7/2021,0.6521,0.6648,0.6733,0.6503,394.69M,-1.92%
7/8/2021,0.6231,0.6521,0.6538,0.6115,616.30M,-4.44%
7/9/2021,0.6371,0.6231,0.6452,0.5934,519.78M,2.24%
7/10/2021,0.6251,0.6371,0.6484,0.6133,388.83M,-1.88%
7/11/2021,0.6361,0.6247,0.6436,0.6171,277.98M,1.76%
7/12/2021,0.629,0.6362,0.657,0.619,484.43M,-1.12%
7/13/2021,0.6194,0.629,0.6395,0.6102,438.17M,-1.52%
7/14/2021,0.6198,0.6192,0.6246,0.5869,488.04M,0.07%
7/15/2021,0.5974,0.6198,0.6261,0.5887,465.25M,-3.62%
7/16/2021,0.5893,0.5977,0.6171,0.588,407.51M,-1.36%
7/17/2021,0.5816,0.5893,0.5971,0.5679,388.91M,-1.30%
7/18/2021,0.5868,0.5817,0.6011,0.5728,326.27M,0.88%
7/19/2021,0.5571,0.5867,0.5887,0.5544,443.79M,-5.06%
7/20/2021,0.5286,0.5571,0.5692,0.5176,574.85M,-5.11%
7/21/2021,0.5714,0.5286,0.5831,0.5198,673.86M,8.09%
7/22/2021,0.5919,0.5714,0.6029,0.5611,588.63M,3.59%
7/23/2021,0.609,0.5919,0.6097,0.5761,489.18M,2.89%
7/24/2021,0.6067,0.6091,0.6138,0.6022,463.40M,-0.39%
7/25/2021,0.6069,0.605,0.6071,0.5911,339.10M,0.03%
7/26/2021,0.6239,0.6069,0.6775,0.605,1.09B,2.81%
7/27/2021,0.6455,0.6238,0.6523,0.6127,587.13M,3.46%
7/28/2021,0.7316,0.6455,0.7523,0.6312,1.65B,13.34%
7/29/2021,0.7482,0.7332,0.765,0.6978,716.25M,2.27%
7/30/2021,0.7516,0.7483,0.7691,0.7153,848.52M,0.46%
7/31/2021,0.7443,0.7521,0.7579,0.7381,499.42M,-0.97%
8/1/2021,0.7248,0.7444,0.7776,0.7133,638.45M,-2.63%
8/2/2021,0.7386,0.7241,0.7728,0.7167,570.73M,1.91%
8/3/2021,0.7132,0.7385,0.7444,0.7014,569.49M,-3.43%
8/4/2021,0.7306,0.7132,0.7397,0.6973,458.20M,2.44%
8/5/2021,0.7331,0.7307,0.7386,0.7024,443.99M,0.33%
8/6/2021,0.7469,0.7331,0.7527,0.7226,432.77M,1.89%
8/7/2021,0.8167,0.7471,0.8181,0.7412,840.12M,9.33%
8/8/2021,0.7791,0.8167,0.8403,0.7729,771.73M,-4.60%
8/9/2021,0.8172,0.7791,0.8275,0.7606,698.49M,4.89%
8/10/2021,0.8513,0.8171,0.8618,0.8003,714.81M,4.17%
8/11/2021,1.0123,0.8513,1.088,0.8493,1.63B,18.91%
8/12/2021,0.9647,1.0123,1.0438,0.9247,1.44B,-4.71%
8/13/2021,1.09,0.966,1.096,0.9517,1.03B,12.98%
8/14/2021,1.2802,1.09,1.3089,1.071,2.04B,17.45%
8/15/2021,1.2845,1.2802,1.3481,1.2259,1.62B,0.34%
8/16/2021,1.1858,1.2841,1.3279,1.1503,1.28B,-7.68%
8/17/2021,1.0987,1.1858,1.2226,1.0869,1.27B,-7.34%
8/18/2021,1.1445,1.0987,1.1941,1.0522,1.26B,4.17%
8/19/2021,1.2349,1.1443,1.2349,1.0905,1.03B,7.90%
8/20/2021,1.2632,1.2348,1.2876,1.1999,871.18M,2.29%
8/21/2021,1.2166,1.2632,1.2826,1.2044,588.18M,-3.69%
8/22/2021,1.2257,1.2165,1.2554,1.1828,530.74M,0.75%
8/23/2021,1.2462,1.2258,1.3029,1.2115,927.81M,1.67%
8/24/2021,1.1363,1.2463,1.2649,1.1252,906.30M,-8.81%
8/25/2021,1.1744,1.1363,1.1772,1.1089,766.53M,3.35%
8/26/2021,1.0715,1.1741,1.1865,1.0645,864.26M,-8.76%
8/27/2021,1.1912,1.0714,1.1912,1.0521,823.90M,11.18%
8/28/2021,1.1449,1.1913,1.1979,1.1342,456.69M,-3.89%
8/29/2021,1.1401,1.1449,1.1681,1.1147,470.05M,-0.42%
8/30/2021,1.1007,1.1402,1.1484,1.0961,523.12M,-3.46%
8/31/2021,1.1861,1.1004,1.2409,1.0915,997.29M,7.77%
9/1/2021,1.2364,1.186,1.2379,1.1596,683.84M,4.23%
9/2/2021,1.2541,1.2364,1.295,1.2221,733.10M,1.43%
9/3/2021,1.2898,1.2531,1.3223,1.2239,804.38M,2.85%
9/4/2021,1.2548,1.2905,1.2967,1.2385,500.27M,-2.71%
9/5/2021,1.306,1.2549,1.3119,1.2367,482.35M,4.08%
9/6/2021,1.3898,1.3061,1.4152,1.3061,1.02B,6.42%
9/7/2021,1.1233,1.3898,1.3919,0.9617,2.09B,-19.18%
9/8/2021,1.099,1.1254,1.1473,1.0173,1.20B,-2.16%
9/9/2021,1.0867,1.0992,1.1373,1.0748,866.17M,-1.12%
9/10/2021,1.0548,1.0868,1.2427,1.0334,1.38B,-2.94%
9/11/2021,1.0788,1.0553,1.1108,1.0513,480.04M,2.28%
9/12/2021,1.1192,1.0788,1.1266,1.0581,453.83M,3.74%
9/13/2021,1.0642,1.1188,1.126,1.0267,778.18M,-4.91%
9/14/2021,1.0953,1.0642,1.0976,1.0582,410.51M,2.92%
9/15/2021,1.1207,1.0961,1.1297,1.0796,416.59M,2.32%
9/16/2021,1.0903,1.1207,1.1297,1.0674,440.80M,-2.71%
9/17/2021,1.066,1.0903,1.1022,1.0513,440.08M,-2.23%
9/18/2021,1.0756,1.066,1.0941,1.0568,274.75M,0.90%
9/19/2021,1.048,1.0756,1.0835,1.0403,296.88M,-2.56%
9/20/2021,0.9211,1.0482,1.0494,0.8784,1.28B,-12.11%
9/21/2021,0.8732,0.9211,0.9587,0.859,931.83M,-5.19%
9/22/2021,1.0037,0.8735,1.0083,0.8681,881.87M,14.94%
9/23/2021,1.0014,1.0037,1.0155,0.9686,574.02M,-0.23%
9/24/2021,0.9447,1.0014,1.0024,0.8872,885.52M,-5.67%
9/25/2021,0.9401,0.9441,0.9557,0.9168,496.37M,-0.48%
9/26/2021,0.9445,0.9401,0.9563,0.8923,574.12M,0.47%
9/27/2021,0.9219,0.9441,0.9813,0.9206,505.21M,-2.40%
9/28/2021,0.8931,0.9219,0.942,0.8912,450.34M,-3.12%
9/29/2021,0.9268,0.8931,0.9907,0.8866,639.76M,3.77%
9/30/2021,0.9533,0.9267,0.9637,0.9222,449.64M,2.86%
10/1/2021,1.0412,0.9532,1.0646,0.9444,878.85M,9.22%
10/2/2021,1.0362,1.0421,1.0699,1.0087,548.19M,-0.48%
10/3/2021,1.055,1.0362,1.088,1.0211,554.18M,1.82%
10/4/2021,1.0416,1.0551,1.0596,1.0067,566.15M,-1.27%
10/5/2021,1.0848,1.0417,1.0875,1.0382,580.60M,4.15%
10/6/2021,1.0762,1.084,1.107,1.0195,702.12M,-0.80%
10/7/2021,1.0665,1.0762,1.0938,1.0449,567.98M,-0.90%
10/8/2021,1.0619,1.0676,1.0917,1.0558,462.56M,-0.43%
10/9/2021,1.1594,1.0624,1.2081,1.0576,876.03M,9.19%
10/10/2021,1.1358,1.1604,1.2216,1.1295,856.25M,-2.04%
10/11/2021,1.1377,1.1355,1.1814,1.1076,580.27M,0.17%
10/12/2021,1.1007,1.1377,1.1377,1.0659,626.45M,-3.25%
10/13/2021,1.1279,1.1007,1.1381,1.0756,550.37M,2.47%
10/14/2021,1.1332,1.1277,1.1564,1.1185,481.87M,0.47%
10/15/2021,1.1412,1.1332,1.1636,1.0973,883.12M,0.71%
10/16/2021,1.134,1.1414,1.1852,1.1305,473.80M,-0.63%
10/17/2021,1.0929,1.134,1.1405,1.0248,536.15M,-3.62%
10/18/2021,1.0831,1.0929,1.1058,1.065,465.84M,-0.90%
10/19/2021,1.0911,1.0831,1.0996,1.0696,349.32M,0.74%
10/20/2021,1.1437,1.091,1.1525,1.087,488.43M,4.81%
10/21/2021,1.0884,1.1438,1.1634,1.0871,619.77M,-4.83%
10/22/2021,1.0892,1.0884,1.1283,1.0781,475.46M,0.08%
10/23/2021,1.0935,1.089,1.1015,1.0766,263.60M,0.40%
10/24/2021,1.0823,1.0935,1.0955,1.0568,315.37M,-1.02%
10/25/2021,1.0953,1.0823,1.1027,1.0784,302.26M,1.19%
10/26/2021,1.1067,1.0953,1.1593,1.0931,589.66M,1.05%
10/27/2021,0.9935,1.1067,1.1246,0.9547,1.35B,-10.23%
10/28/2021,1.0579,0.9936,1.0809,0.9822,906.77M,6.49%
10/29/2021,1.081,1.0581,1.09,1.0552,484.84M,2.18%
10/30/2021,1.0841,1.0811,1.1154,1.0632,479.64M,0.29%
10/31/2021,1.1126,1.0841,1.1521,1.07,823.88M,2.63%
11/1/2021,1.0921,1.1127,1.131,1.071,501.80M,-1.84%
11/2/2021,1.1351,1.092,1.1461,1.0856,518.14M,3.94%
11/3/2021,1.2101,1.1352,1.2339,1.1259,1.12B,6.61%
11/4/2021,1.2015,1.2101,1.2551,1.1653,738.50M,-0.71%
11/5/2021,1.1583,1.2014,1.2014,1.1365,464.16M,-3.59%
11/6/2021,1.1512,1.1582,1.1733,1.1072,356.14M,-0.61%
11/7/2021,1.2179,1.1514,1.2361,1.1453,471.70M,5.79%
11/8/2021,1.2818,1.2179,1.2947,1.2179,788.09M,5.25%
11/9/2021,1.2561,1.2818,1.2877,1.23,622.97M,-2.01%
11/10/2021,1.1922,1.2562,1.3463,1.1359,1.26B,-5.08%
11/11/2021,1.215,1.1923,1.2542,1.1771,647.85M,1.91%
11/12/2021,1.1884,1.2149,1.2328,1.1554,617.77M,-2.19%
11/13/2021,1.1894,1.1883,1.2036,1.1679,467.52M,0.08%
11/14/2021,1.1879,1.1894,1.1992,1.1677,389.09M,-0.12%
11/15/2021,1.1722,1.188,1.2193,1.1679,537.98M,-1.32%
11/16/2021,1.0885,1.1721,1.1722,1.0489,1.14B,-7.14%
11/17/2021,1.0957,1.0884,1.1124,1.0598,777.75M,0.66%
11/18/2021,1.0413,1.0956,1.158,1.0193,1.34B,-4.96%
11/19/2021,1.0896,1.0414,1.0985,1.0184,711.47M,4.64%
11/20/2021,1.0961,1.0896,1.101,1.0621,493.24M,0.60%
11/21/2021,1.058,1.0961,1.0972,1.0553,468.55M,-3.48%
11/22/2021,1.0355,1.0581,1.068,1.0262,647.38M,-2.13%
11/23/2021,1.0721,1.0354,1.0818,1.0215,664.53M,3.54%
11/24/2021,1.0331,1.0721,1.0729,1.0094,656.76M,-3.64%
11/25/2021,1.0427,1.0327,1.0637,1.0221,604.41M,0.93%
11/26/2021,0.9385,1.0428,1.0464,0.923,1.15B,-9.99%
11/27/2021,0.9455,0.9385,0.9649,0.934,443.48M,0.74%
11/28/2021,0.969,0.9453,0.969,0.8902,643.46M,2.49%
11/29/2021,0.9895,0.9689,1.0015,0.9632,598.77M,2.11%
11/30/2021,0.9976,0.9895,1.0297,0.9712,653.91M,0.82%
12/1/2021,0.9896,0.9984,1.0172,0.9804,478.61M,-0.81%
12/2/2021,0.9722,0.9895,0.99,0.9565,429.13M,-1.76%
12/3/2021,0.9213,0.9719,0.9833,0.8967,582.44M,-5.23%
12/4/2021,0.847,0.9213,0.9244,0.6207,2.19B,-8.07%
12/5/2021,0.8041,0.8453,0.8593,0.7789,963.26M,-5.07%
12/6/2021,0.8267,0.8042,0.8298,0.7504,974.49M,2.81%
12/7/2021,0.8154,0.8264,0.8441,0.8049,635.49M,-1.37%
12/8/2021,0.8615,0.8153,0.883,0.8049,811.57M,5.65%
12/9/2021,0.8581,0.8617,0.933,0.8329,1.26B,-0.39%
12/10/2021,0.7992,0.8579,0.882,0.7953,957.23M,-6.87%
12/11/2021,0.8372,0.8,0.8434,0.7864,561.08M,4.76%
12/12/2021,0.8399,0.8377,0.8563,0.8096,441.73M,0.32%
12/13/2021,0.7818,0.8397,0.8439,0.7612,701.25M,-6.92%
12/14/2021,0.8108,0.7818,0.8205,0.7736,753.47M,3.71%
12/15/2021,0.8263,0.8103,0.8395,0.7778,748.92M,1.92%
12/16/2021,0.8052,0.8262,0.8362,0.8035,410.59M,-2.56%
12/17/2021,0.7975,0.8054,0.8306,0.7767,508.54M,-0.96%
12/18/2021,0.8264,0.7975,0.8341,0.7912,333.85M,3.63%
12/19/2021,0.8351,0.8264,0.8479,0.8197,326.03M,1.05%
12/20/2021,0.8786,0.8351,0.9136,0.825,1.05B,5.21%
12/21/2021,0.9469,0.8796,0.9604,0.8531,888.15M,7.78%
12/22/2021,0.9538,0.9468,0.9723,0.9243,772.54M,0.73%
12/23/2021,0.994,0.9537,1.0161,0.9387,967.00M,4.21%
12/24/2021,0.9106,0.9939,0.9959,0.8938,998.32M,-8.39%
12/25/2021,0.9252,0.9106,0.9334,0.8992,464.59M,1.61%
12/26/2021,0.9198,0.9252,0.9331,0.9057,313.23M,-0.59%
12/27/2021,0.9262,0.9197,0.955,0.9152,442.48M,0.70%
12/28/2021,0.8511,0.9266,0.9268,0.8457,604.16M,-8.11%
12/29/2021,0.8165,0.8516,0.8644,0.8118,574.42M,-4.07%
12/30/2021,0.8387,0.8168,0.8586,0.8042,502.92M,2.72%
12/31/2021,0.8299,0.8387,0.8535,0.8029,457.62M,-1.04%
1/1/2022,0.85,0.8301,0.8548,0.8255,266.53M,2.42%
1/2/2022,0.8587,0.85,0.8638,0.8374,254.07M,1.02%
1/3/2022,0.8317,0.8587,0.8587,0.822,363.28M,-3.14%
1/4/2022,0.8229,0.8318,0.8449,0.8172,395.68M,-1.07%
1/5/2022,0.7712,0.8227,0.8366,0.7155,631.16M,-6.27%
1/6/2022,0.7796,0.7714,0.7905,0.74,584.96M,1.08%
1/7/2022,0.7626,0.779,0.7806,0.73,688.04M,-2.18%
1/8/2022,0.7447,0.7627,0.7762,0.7232,471.11M,-2.35%
1/9/2022,0.7528,0.7448,0.7665,0.7384,307.32M,1.09%
1/10/2022,0.7401,0.7529,0.7589,0.7006,566.01M,-1.69%
1/11/2022,0.7699,0.7401,0.7745,0.7308,495.85M,4.02%
1/12/2022,0.7979,0.7699,0.8068,0.7576,543.02M,3.64%
1/13/2022,0.7672,0.7981,0.8021,0.7609,422.74M,-3.84%
1/14/2022,0.7732,0.7675,0.7901,0.7528,410.72M,0.78%
1/15/2022,0.7793,0.7731,0.7892,0.7684,265.12M,0.79%
1/16/2022,0.7784,0.7792,0.7842,0.7685,241.76M,-0.12%
1/17/2022,0.7615,0.7784,0.7802,0.7506,353.39M,-2.18%
1/18/2022,0.7514,0.7617,0.7684,0.7357,381.76M,-1.33%
1/19/2022,0.738,0.7509,0.7532,0.7241,394.07M,-1.78%
1/20/2022,0.7204,0.7382,0.7619,0.7165,398.80M,-2.38%
1/21/2022,0.6373,0.7202,0.7283,0.6133,1.14B,-11.54%
1/22/2022,0.5967,0.6372,0.6528,0.552,1.45B,-6.37%
1/23/2022,0.6287,0.5968,0.6349,0.5903,658.65M,5.36%
1/24/2022,0.6121,0.6287,0.6287,0.555,1.03B,-2.65%
1/25/2022,0.6176,0.612,0.6227,0.5866,639.44M,0.90%
1/26/2022,0.619,0.6178,0.6575,0.6052,895.25M,0.22%
1/27/2022,0.6084,0.619,0.624,0.5896,582.23M,-1.71%
1/28/2022,0.6113,0.6089,0.6136,0.592,459.46M,0.48%
1/29/2022,0.6174,0.6113,0.6247,0.6091,301.82M,1.00%
1/30/2022,0.6015,0.6175,0.6229,0.5975,297.09M,-2.58%
1/31/2022,0.6175,0.6015,0.6239,0.581,441.21M,2.66%
2/1/2022,0.6282,0.6176,0.6307,0.6112,357.98M,1.75%
2/2/2022,0.6008,0.6282,0.6311,0.596,379.99M,-4.36%
2/3/2022,0.6096,0.6009,0.6096,0.5894,349.86M,1.46%
2/4/2022,0.6556,0.6096,0.6582,0.6045,523.14M,7.55%
2/5/2022,0.6662,0.6556,0.6861,0.6502,581.98M,1.61%
2/6/2022,0.6827,0.6662,0.6866,0.6605,311.39M,2.48%
2/7/2022,0.8312,0.6827,0.8382,0.6717,1.20B,21.74%
2/8/2022,0.8762,0.8315,0.9126,0.8037,1.92B,5.42%
2/9/2022,0.8698,0.8762,0.9125,0.8443,1.17B,-0.73%
2/10/2022,0.8255,0.8696,0.8955,0.8238,961.48M,-5.09%
2/11/2022,0.759,0.8254,0.8331,0.7502,923.55M,-8.06%
2/12/2022,0.8217,0.7591,0.8504,0.7473,934.29M,8.27%
2/13/2022,0.8054,0.822,0.8465,0.7928,699.44M,-1.98%
2/14/2022,0.8008,0.8056,0.8119,0.7803,622.89M,-0.58%
2/15/2022,0.8508,0.8008,0.8589,0.7963,555.15M,6.25%
2/16/2022,0.8358,0.851,0.8525,0.8091,520.13M,-1.76%
2/17/2022,0.7668,0.8369,0.8445,0.7549,748.40M,-8.26%
2/18/2022,0.7847,0.7674,0.8045,0.7568,815.44M,2.34%
2/19/2022,0.8216,0.7847,0.8535,0.7706,940.73M,4.71%
2/20/2022,0.7756,0.8217,0.8227,0.7663,968.87M,-5.60%
2/21/2022,0.7016,0.7758,0.8004,0.6967,1.16B,-9.54%
2/22/2022,0.7212,0.7019,0.7264,0.675,1.18B,2.79%
2/23/2022,0.696,0.721,0.7437,0.6928,868.99M,-3.49%
2/24/2022,0.696,0.6962,0.7184,0.6225,1.84B,0.00%
2/25/2022,0.7693,0.696,0.7759,0.6852,983.37M,10.53%
2/26/2022,0.7504,0.7692,0.7906,0.7408,909.28M,-2.45%
2/27/2022,0.7214,0.7504,0.7667,0.7042,865.45M,-3.86%
2/28/2022,0.7813,0.7214,0.7926,0.7089,855.06M,8.29%
3/1/2022,0.7838,0.7813,0.8032,0.7583,738.57M,0.33%
3/2/2022,0.7688,0.7839,0.7841,0.7566,711.25M,-1.91%
3/3/2022,0.7518,0.7687,0.7886,0.7352,631.18M,-2.22%
3/4/2022,0.7128,0.7516,0.7536,0.6976,618.13M,-5.19%
3/5/2022,0.7539,0.7128,0.7684,0.7051,573.88M,5.77%
3/6/2022,0.7247,0.7539,0.7584,0.7223,496.78M,-3.87%
3/7/2022,0.7201,0.7248,0.7535,0.7041,793.88M,-0.64%
3/8/2022,0.7208,0.7201,0.7304,0.7139,480.81M,0.09%
3/9/2022,0.7657,0.7208,0.7727,0.7202,628.03M,6.23%
3/10/2022,0.7361,0.7657,0.7784,0.7241,648.28M,-3.87%
3/11/2022,0.8031,0.7361,0.8128,0.7254,843.02M,9.11%
3/12/2022,0.7858,0.803,0.8488,0.7788,976.91M,-2.15%
3/13/2022,0.7594,0.7859,0.8047,0.7532,496.63M,-3.36%
3/14/2022,0.7746,0.7594,0.7796,0.7457,514.38M,1.99%
3/15/2022,0.7659,0.7745,0.7761,0.7422,407.33M,-1.12%
3/16/2022,0.7919,0.7659,0.7943,0.7582,560.47M,3.40%
3/17/2022,0.7933,0.792,0.8012,0.7833,436.90M,0.18%
3/18/2022,0.7966,0.7937,0.8005,0.777,362.68M,0.42%
3/19/2022,0.8197,0.7965,0.8265,0.7918,467.54M,2.90%
3/20/2022,0.8061,0.8196,0.8217,0.7965,344.78M,-1.66%
3/21/2022,0.8374,0.806,0.8543,0.7888,584.25M,3.88%
3/22/2022,0.8366,0.8373,0.8649,0.828,554.92M,-0.09%
3/23/2022,0.8376,0.8366,0.8456,0.8188,449.85M,0.13%
3/24/2022,0.8428,0.8376,0.8496,0.8274,515.91M,0.61%
3/25/2022,0.8241,0.8427,0.8455,0.8208,385.53M,-2.22%
3/26/2022,0.8329,0.8241,0.8349,0.8207,219.77M,1.07%
3/27/2022,0.8577,0.8329,0.858,0.8287,346.34M,2.99%
3/28/2022,0.8628,0.8579,0.9113,0.8535,820.30M,0.59%
3/29/2022,0.8577,0.8629,0.8854,0.8436,484.88M,-0.59%
3/30/2022,0.8613,0.8577,0.8716,0.8466,392.68M,0.42%
3/31/2022,0.815,0.8614,0.8726,0.7982,630.62M,-5.38%
4/1/2022,0.8277,0.815,0.8339,0.8075,472.97M,1.56%
4/2/2022,0.8237,0.8277,0.8497,0.8203,385.67M,-0.49%
4/3/2022,0.8431,0.8239,0.8498,0.8152,294.49M,2.36%
4/4/2022,0.8265,0.843,0.8432,0.8065,399.05M,-1.97%
4/5/2022,0.8164,0.8264,0.8361,0.8148,316.93M,-1.21%
4/6/2022,0.7596,0.8164,0.8185,0.7586,610.29M,-6.96%
4/7/2022,0.7876,0.7596,0.7908,0.753,372.84M,3.68%
4/8/2022,0.7552,0.7873,0.7934,0.747,406.46M,-4.11%
4/9/2022,0.7622,0.7551,0.7663,0.7534,197.11M,0.93%
4/10/2022,0.7542,0.7622,0.7725,0.7529,234.62M,-1.05%
4/11/2022,0.6946,0.7542,0.7555,0.6841,648.89M,-7.91%
4/12/2022,0.7146,0.6946,0.7251,0.6925,500.45M,2.88%
4/13/2022,0.7228,0.7151,0.725,0.702,433.36M,1.14%
4/14/2022,0.7263,0.7229,0.7406,0.709,462.78M,0.49%
4/15/2022,0.7856,0.7262,0.7956,0.7262,812.68M,8.17%
4/16/2022,0.781,0.7857,0.7988,0.7662,439.79M,-0.58%
4/17/2022,0.7519,0.781,0.7858,0.7483,422.30M,-3.73%
4/18/2022,0.7692,0.7519,0.7694,0.7282,596.69M,2.30%
4/19/2022,0.7748,0.7696,0.7815,0.7591,567.78M,0.73%
4/20/2022,0.7516,0.7748,0.7751,0.7425,493.23M,-2.99%
4/21/2022,0.7328,0.7516,0.7673,0.7205,500.74M,-2.51%
4/22/2022,0.7178,0.7328,0.7386,0.7149,461.04M,-2.05%
4/23/2022,0.7055,0.7178,0.7263,0.7031,348.93M,-1.72%
4/24/2022,0.6983,0.7055,0.7117,0.6957,229.18M,-1.01%
4/25/2022,0.6931,0.6983,0.6993,0.6463,647.88M,-0.75%
4/26/2022,0.6424,0.6931,0.7056,0.6291,634.35M,-7.31%
4/27/2022,0.6521,0.6423,0.6622,0.637,496.81M,1.51%
4/28/2022,0.6428,0.6521,0.6568,0.6345,450.14M,-1.43%
4/29/2022,0.6115,0.6428,0.6469,0.601,582.82M,-4.86%
4/30/2022,0.5852,0.6115,0.6282,0.5713,572.63M,-4.30%
5/1/2022,0.607,0.5852,0.6124,0.5776,484.63M,3.72%
5/2/2022,0.6144,0.607,0.6304,0.5986,565.44M,1.21%
5/3/2022,0.6046,0.6144,0.6273,0.5962,486.44M,-1.59%
5/4/2022,0.6461,0.6046,0.6493,0.6042,603.13M,6.86%
5/5/2022,0.5981,0.6461,0.6567,0.5895,737.32M,-7.43%
5/6/2022,0.6022,0.5981,0.6157,0.5882,627.49M,0.69%
5/7/2022,0.5807,0.6022,0.6043,0.5697,410.71M,-3.56%
5/8/2022,0.5662,0.5807,0.5829,0.5585,559.53M,-2.51%
5/9/2022,0.4877,0.5662,0.5785,0.4751,1.35B,-13.87%
5/10/2022,0.5132,0.4873,0.5363,0.4734,1.51B,5.24%
5/11/2022,0.4157,0.5133,0.523,0.3655,2.58B,-19.00%
5/12/2022,0.3849,0.4158,0.4288,0.3366,2.43B,-7.41%
5/13/2022,0.4228,0.3849,0.4632,0.3809,1.18B,9.85%
5/14/2022,0.4261,0.4228,0.4407,0.3966,808.36M,0.77%
5/15/2022,0.4479,0.4261,0.4495,0.4154,485.87M,5.13%
5/16/2022,0.423,0.448,0.448,0.4095,768.30M,-5.58%
5/17/2022,0.4379,0.423,0.4402,0.4173,674.39M,3.53%
5/18/2022,0.4052,0.4379,0.4425,0.4047,667.12M,-7.46%
5/19/2022,0.4203,0.4052,0.4239,0.392,507.82M,3.71%
5/20/2022,0.4102,0.4203,0.4396,0.4018,619.25M,-2.39%
5/21/2022,0.4145,0.4102,0.4179,0.4037,251.00M,1.04%
5/22/2022,0.4218,0.4145,0.425,0.4104,268.32M,1.76%
5/23/2022,0.4051,0.4218,0.4285,0.4005,443.63M,-3.96%
5/24/2022,0.4086,0.4052,0.4135,0.3908,439.11M,0.86%
5/25/2022,0.4062,0.4086,0.4133,0.3958,584.59M,-0.58%
5/26/2022,0.3927,0.4062,0.4109,0.3771,862.26M,-3.33%
5/27/2022,0.3815,0.3926,0.4028,0.3766,792.88M,-2.84%
5/28/2022,0.3864,0.3815,0.3887,0.3807,333.92M,1.28%
5/29/2022,0.3891,0.3863,0.39,0.3794,279.30M,0.71%
5/30/2022,0.4186,0.3891,0.4196,0.387,552.42M,7.58%
5/31/2022,0.4216,0.4186,0.4334,0.4069,634.00M,0.71%
6/1/2022,0.398,0.4216,0.4262,0.3899,671.55M,-5.58%
6/2/2022,0.4054,0.398,0.407,0.391,558.63M,1.86%
6/3/2022,0.3904,0.4055,0.4103,0.3843,473.68M,-3.72%
6/4/2022,0.3924,0.3904,0.3939,0.385,216.56M,0.53%
6/5/2022,0.3954,0.3924,0.3995,0.3897,215.22M,0.76%
6/6/2022,0.4028,0.3954,0.4092,0.3942,415.31M,1.86%
6/7/2022,0.4077,0.4028,0.4171,0.3851,671.05M,1.22%
6/8/2022,0.4005,0.4076,0.4102,0.3951,479.64M,-1.76%
6/9/2022,0.4002,0.4006,0.404,0.397,396.77M,-0.07%
6/10/2022,0.3815,0.4003,0.4117,0.3773,600.31M,-4.67%
6/11/2022,0.3596,0.3815,0.3884,0.3563,473.87M,-5.76%
6/12/2022,0.3432,0.3597,0.3651,0.3399,602.16M,-4.56%
6/13/2022,0.3117,0.3432,0.3499,0.3016,1.41B,-9.18%
6/14/2022,0.3218,0.3116,0.3249,0.2939,1.06B,3.24%
6/15/2022,0.3436,0.3217,0.3466,0.2988,1.15B,6.78%
6/16/2022,0.313,0.3436,0.347,0.3075,788.83M,-8.89%
6/17/2022,0.3209,0.3131,0.3395,0.3107,571.41M,2.52%
6/18/2022,0.3075,0.3209,0.3263,0.2876,717.57M,-4.18%
6/19/2022,0.3263,0.3075,0.3327,0.2984,515.68M,6.10%
6/20/2022,0.3224,0.3263,0.3286,0.3138,463.92M,-1.18%
6/21/2022,0.3294,0.3224,0.3371,0.3192,518.67M,2.15%
6/22/2022,0.3222,0.3294,0.3296,0.3191,443.83M,-2.18%
6/23/2022,0.3357,0.3222,0.3369,0.3214,408.83M,4.19%
6/24/2022,0.3674,0.3357,0.3863,0.3351,808.82M,9.44%
6/25/2022,0.3675,0.3673,0.3738,0.3544,292.63M,0.04%
6/26/2022,0.359,0.3675,0.3748,0.3577,258.89M,-2.31%
6/27/2022,0.3533,0.359,0.367,0.349,381.45M,-1.59%
6/28/2022,0.3374,0.3534,0.3556,0.3357,453.52M,-4.50%
6/29/2022,0.3294,0.3374,0.3415,0.3206,474.44M,-2.38%
6/30/2022,0.332,0.3294,0.3325,0.3061,646.65M,0.80%
7/1/2022,0.314,0.332,0.3345,0.3105,511.23M,-5.44%
7/2/2022,0.3155,0.314,0.3179,0.3098,251.14M,0.49%
7/3/2022,0.3214,0.3155,0.3256,0.3092,279.12M,1.89%
7/4/2022,0.3286,0.3215,0.3298,0.3148,379.97M,2.22%
7/5/2022,0.3257,0.3286,0.3309,0.3134,492.08M,-0.87%
7/6/2022,0.3324,0.3257,0.334,0.3201,450.08M,2.06%
7/7/2022,0.3427,0.3325,0.3452,0.3269,384.27M,3.10%
7/8/2022,0.3408,0.3424,0.3584,0.336,549.48M,-0.58%
7/9/2022,0.3448,0.3407,0.3476,0.3397,182.92M,1.18%
7/10/2022,0.3253,0.3448,0.3449,0.3206,324.31M,-5.65%
7/11/2022,0.3151,0.3253,0.3289,0.311,358.57M,-3.14%
7/12/2022,0.3117,0.3151,0.318,0.308,375.63M,-1.08%
7/13/2022,0.3237,0.3117,0.3256,0.3034,520.81M,3.85%
7/14/2022,0.3336,0.3237,0.3339,0.3126,456.44M,3.07%
7/15/2022,0.334,0.3336,0.3486,0.3278,538.80M,0.12%
7/16/2022,0.3505,0.334,0.3559,0.3316,385.80M,4.94%
7/17/2022,0.3431,0.3504,0.3604,0.3425,290.48M,-2.10%
7/18/2022,0.3657,0.3432,0.3696,0.3431,572.00M,6.58%
7/19/2022,0.3734,0.3656,0.3766,0.3516,544.06M,2.11%
7/20/2022,0.3626,0.3734,0.3814,0.3576,485.32M,-2.90%
7/21/2022,0.3668,0.3626,0.3682,0.3489,394.25M,1.17%
7/22/2022,0.3576,0.3668,0.3713,0.3543,329.79M,-2.50%
7/23/2022,0.3593,0.3577,0.3628,0.3499,203.40M,0.47%
7/24/2022,0.3586,0.3593,0.3666,0.356,242.34M,-0.20%
7/25/2022,0.3358,0.3586,0.3601,0.3356,394.69M,-6.37%
7/26/2022,0.3376,0.3358,0.3383,0.3256,425.20M,0.55%
7/27/2022,0.3595,0.3376,0.3596,0.3304,446.60M,6.48%
7/28/2022,0.3738,0.3594,0.3789,0.3495,533.67M,3.98%
7/29/2022,0.3677,0.3738,0.3797,0.3598,443.23M,-1.62%
7/30/2022,0.3877,0.3678,0.4091,0.3634,583.13M,5.43%
7/31/2022,0.3793,0.3877,0.3986,0.3786,359.21M,-2.16%
8/1/2022,0.3791,0.3793,0.3858,0.3713,342.91M,-0.05%
8/2/2022,0.3715,0.3791,0.3934,0.367,443.99M,-2.01%
8/3/2022,0.3695,0.3715,0.3773,0.3632,353.81M,-0.53%
8/4/2022,0.3708,0.3695,0.3749,0.3644,290.34M,0.36%
8/5/2022,0.3764,0.3708,0.3782,0.3675,292.34M,1.50%
8/6/2022,0.3714,0.3764,0.3776,0.3707,136.31M,-1.33%
8/7/2022,0.3723,0.3714,0.3771,0.3682,144.56M,0.24%
8/8/2022,0.3788,0.3723,0.3845,0.3714,404.56M,1.75%
8/9/2022,0.3674,0.3788,0.38,0.361,355.88M,-3.02%
8/10/2022,0.3814,0.3673,0.3814,0.3586,432.45M,3.81%
8/11/2022,0.3801,0.3814,0.3855,0.3774,427.94M,-0.32%
8/12/2022,0.3794,0.3801,0.3808,0.3703,349.89M,-0.20%
8/13/2022,0.378,0.3794,0.3871,0.3764,239.06M,-0.37%
8/14/2022,0.3757,0.378,0.3921,0.3741,351.61M,-0.62%
8/15/2022,0.3751,0.3757,0.3849,0.3663,454.56M,-0.15%
8/16/2022,0.377,0.3751,0.3782,0.3668,375.77M,0.49%
8/17/2022,0.3796,0.377,0.3918,0.3685,590.03M,0.69%
8/18/2022,0.3702,0.3796,0.3811,0.3693,375.45M,-2.46%
8/19/2022,0.3346,0.3702,0.3703,0.3315,746.16M,-9.63%
8/20/2022,0.3368,0.3346,0.3427,0.3322,353.66M,0.65%
8/21/2022,0.3447,0.3368,0.3483,0.3355,313.56M,2.35%
8/22/2022,0.3441,0.3449,0.345,0.3316,451.15M,-0.16%
8/23/2022,0.3471,0.3441,0.3479,0.3328,425.19M,0.87%
8/24/2022,0.3456,0.3472,0.3524,0.339,371.60M,-0.44%
8/25/2022,0.3491,0.3456,0.3521,0.3437,399.65M,1.01%
8/26/2022,0.339,0.3491,0.37,0.3326,782.04M,-2.90%
8/27/2022,0.3346,0.3392,0.3437,0.3291,327.26M,-1.29%
8/28/2022,0.3222,0.3346,0.3372,0.3217,273.06M,-3.70%
8/29/2022,0.3339,0.3223,0.334,0.3187,480.91M,3.62%
8/30/2022,0.3266,0.3339,0.3356,0.3204,431.01M,-2.17%
8/31/2022,0.3277,0.3267,0.3339,0.3231,394.94M,0.33%
9/1/2022,0.3331,0.3277,0.3334,0.3218,382.36M,1.65%
9/2/2022,0.3314,0.3331,0.3353,0.3253,341.49M,-0.51%
9/3/2022,0.3296,0.3314,0.3336,0.3267,189.98M,-0.55%
9/4/2022,0.3317,0.3298,0.3327,0.3278,172.37M,0.64%
9/5/2022,0.3329,0.3317,0.3335,0.3227,309.63M,0.37%
9/6/2022,0.3214,0.3329,0.343,0.3196,590.01M,-3.47%
9/7/2022,0.3368,0.3214,0.3385,0.3137,486.16M,4.78%
9/8/2022,0.3396,0.3368,0.3433,0.3284,434.48M,0.84%
9/9/2022,0.3569,0.3396,0.359,0.3395,587.11M,5.11%
9/10/2022,0.3573,0.3569,0.3617,0.3518,330.50M,0.10%
9/11/2022,0.3552,0.3573,0.3601,0.3496,255.60M,-0.59%
9/12/2022,0.3598,0.3552,0.36,0.348,424.58M,1.29%
9/13/2022,0.3326,0.3598,0.3602,0.3311,652.15M,-7.55%
9/14/2022,0.3418,0.3326,0.3441,0.3315,608.62M,2.77%
9/15/2022,0.3263,0.3418,0.3427,0.3246,705.31M,-4.53%
9/16/2022,0.3552,0.3263,0.3577,0.3219,615.85M,8.86%
9/17/2022,0.3759,0.3552,0.3799,0.3465,712.35M,5.80%
9/18/2022,0.3578,0.3759,0.3975,0.356,1.07B,-4.81%
9/19/2022,0.3849,0.3578,0.3925,0.3403,1.17B,7.58%
9/20/2022,0.4148,0.3847,0.4226,0.371,1.73B,7.75%
9/21/2022,0.394,0.4146,0.4316,0.3848,1.45B,-5.00%
9/22/2022,0.4852,0.394,0.494,0.394,2.03B,23.14%
9/23/2022,0.5077,0.4858,0.557,0.4568,2.73B,4.63%
9/24/2022,0.4878,0.5077,0.5188,0.4724,1.17B,-3.91%
9/25/2022,0.492,0.4878,0.5196,0.4762,1.17B,0.86%
9/26/2022,0.4682,0.4919,0.5016,0.458,953.40M,-4.84%
9/27/2022,0.4468,0.4682,0.4874,0.437,912.72M,-4.56%
9/28/2022,0.4488,0.4468,0.4553,0.4176,860.09M,0.43%
9/29/2022,0.4869,0.4488,0.5086,0.4276,1.10B,8.50%
9/30/2022,0.4799,0.487,0.4986,0.4709,981.82M,-1.45%
10/1/2022,0.4754,0.4799,0.4863,0.4677,483.10M,-0.93%
10/2/2022,0.4483,0.4753,0.4781,0.4454,493.04M,-5.70%
10/3/2022,0.4623,0.4483,0.4691,0.4382,573.49M,3.12%
10/4/2022,0.4796,0.4622,0.485,0.4521,729.11M,3.74%
10/5/2022,0.4887,0.4796,0.5007,0.4723,795.81M,1.90%
10/6/2022,0.4936,0.4887,0.5056,0.4885,581.53M,1.00%
10/7/2022,0.5178,0.4935,0.5263,0.4824,727.40M,4.90%
10/8/2022,0.5172,0.5177,0.5287,0.5112,485.42M,-0.12%
10/9/2022,0.5326,0.5172,0.5468,0.5064,507.03M,2.99%
10/10/2022,0.4938,0.5325,0.5379,0.4938,717.97M,-7.30%
10/11/2022,0.4861,0.4937,0.5023,0.4792,639.11M,-1.55%
10/12/2022,0.4882,0.4861,0.4958,0.4822,368.61M,0.43%
10/13/2022,0.4791,0.4882,0.4894,0.4421,874.79M,-1.86%
10/14/2022,0.4885,0.4791,0.5118,0.4784,644.51M,1.95%
10/15/2022,0.4818,0.4885,0.4899,0.4787,234.48M,-1.36%
10/16/2022,0.4766,0.4818,0.4873,0.471,311.82M,-1.08%
10/17/2022,0.4798,0.4766,0.4825,0.4629,396.30M,0.67%
10/18/2022,0.4658,0.4804,0.4841,0.4576,439.64M,-2.92%
10/19/2022,0.4506,0.4658,0.4666,0.4485,470.77M,-3.26%
10/20/2022,0.4466,0.4506,0.4644,0.4296,573.03M,-0.89%
10/21/2022,0.4612,0.4465,0.4614,0.436,535.22M,3.26%
10/22/2022,0.4654,0.4612,0.4704,0.4563,259.59M,0.92%
10/23/2022,0.4688,0.4653,0.4721,0.4522,298.41M,0.73%
10/24/2022,0.4532,0.4688,0.4723,0.4483,391.99M,-3.34%
10/25/2022,0.4606,0.4531,0.4725,0.4437,511.21M,1.63%
10/26/2022,0.469,0.4605,0.4709,0.4569,463.93M,1.83%
10/27/2022,0.4616,0.469,0.4818,0.4587,568.85M,-1.58%
10/28/2022,0.4745,0.4615,0.4753,0.4566,372.22M,2.80%
10/29/2022,0.4701,0.4744,0.4836,0.4666,447.66M,-0.92%
10/30/2022,0.458,0.4702,0.4731,0.4543,279.44M,-2.57%
10/31/2022,0.4643,0.4581,0.467,0.4485,449.10M,1.38%
11/1/2022,0.4636,0.4643,0.467,0.4545,382.58M,-0.16%
11/2/2022,0.4499,0.4636,0.4658,0.4454,431.74M,-2.95%
11/3/2022,0.4549,0.4499,0.4598,0.4489,321.04M,1.10%
11/4/2022,0.506,0.4549,0.5075,0.4534,771.35M,11.23%
11/5/2022,0.493,0.5061,0.5096,0.4901,279.44M,-2.56%
11/6/2022,0.471,0.493,0.4944,0.4689,224.89M,-4.47%
11/7/2022,0.465,0.471,0.4798,0.4593,444.10M,-1.27%
11/8/2022,0.406,0.465,0.4668,0.3402,1.33B,-12.69%
11/9/2022,0.3321,0.406,0.4108,0.3203,1.24B,-18.22%
11/10/2022,0.3947,0.3321,0.4026,0.3307,1.07B,18.86%
11/11/2022,0.3843,0.3946,0.3989,0.3664,626.43M,-2.64%
11/12/2022,0.3634,0.3843,0.3843,0.3597,342.07M,-5.43%
11/13/2022,0.3408,0.3634,0.3692,0.3329,443.13M,-6.22%
11/14/2022,0.3768,0.3408,0.3791,0.3219,909.99M,10.56%
11/15/2022,0.3891,0.3768,0.3966,0.367,720.64M,3.26%
11/16/2022,0.3736,0.389,0.391,0.3623,471.29M,-3.99%
11/17/2022,0.3824,0.3739,0.3862,0.3694,545.28M,2.36%
11/18/2022,0.3817,0.3838,0.3849,0.3752,380.62M,-0.19%
11/19/2022,0.384,0.3804,0.3882,0.3799,199.13M,0.62%
11/20/2022,0.3613,0.384,0.396,0.3599,396.50M,-5.92%
11/21/2022,0.3645,0.3612,0.3683,0.3467,758.31M,0.90%
11/22/2022,0.3758,0.3646,0.3781,0.3514,600.91M,3.08%
11/23/2022,0.3818,0.3758,0.3823,0.3682,457.82M,1.62%
11/24/2022,0.402,0.3818,0.4045,0.3744,582.06M,5.27%
11/25/2022,0.4077,0.402,0.4188,0.3894,554.66M,1.44%
11/26/2022,0.3961,0.4078,0.4144,0.3935,242.81M,-2.86%
11/27/2022,0.3961,0.3962,0.409,0.3948,262.33M,0.00%
11/28/2022,0.3893,0.3961,0.399,0.3741,570.56M,-1.72%
11/29/2022,0.398,0.3887,0.4033,0.3833,464.52M,2.25%
11/30/2022,0.4078,0.398,0.4112,0.3935,429.20M,2.45%
12/1/2022,0.3967,0.4078,0.4092,0.3945,332.05M,-2.72%
12/2/2022,0.3963,0.3967,0.3974,0.3839,339.93M,-0.10%
12/3/2022,0.3871,0.3963,0.3964,0.3855,203.82M,-2.32%
12/4/2022,0.3897,0.3873,0.393,0.3864,178.56M,0.68%
12/5/2022,0.3894,0.3897,0.395,0.3814,438.02M,-0.09%
12/6/2022,0.3915,0.3894,0.3924,0.3809,401.29M,0.54%
12/7/2022,0.3833,0.3915,0.3925,0.3752,399.32M,-2.10%
12/8/2022,0.3943,0.3833,0.3958,0.3832,368.14M,2.87%
12/9/2022,0.3888,0.3943,0.395,0.3856,342.35M,-1.39%
12/10/2022,0.3866,0.3889,0.3892,0.3856,132.18M,-0.58%
12/11/2022,0.381,0.3866,0.3885,0.3788,133.07M,-1.44%
12/12/2022,0.3872,0.3809,0.3895,0.3715,449.00M,1.64%
12/13/2022,0.3953,0.3872,0.3967,0.3786,571.04M,2.08%
12/14/2022,0.3852,0.3953,0.3953,0.3779,443.89M,-2.55%
12/15/2022,0.3779,0.3852,0.3866,0.3744,325.00M,-1.89%
12/16/2022,0.3512,0.3779,0.3797,0.3462,512.67M,-7.07%
12/17/2022,0.3546,0.3512,0.3569,0.3473,280.23M,0.96%
12/18/2022,0.3498,0.3546,0.3552,0.3477,144.56M,-1.35%
12/19/2022,0.3389,0.3498,0.3529,0.3329,507.18M,-3.11%
12/20/2022,0.3486,0.339,0.3529,0.336,476.39M,2.84%
12/21/2022,0.3455,0.3485,0.3504,0.3384,402.45M,-0.88%
12/22/2022,0.3494,0.3449,0.3501,0.3416,354.21M,1.13%
12/23/2022,0.3543,0.3494,0.3547,0.3469,302.95M,1.40%
12/24/2022,0.352,0.3543,0.3543,0.3504,90.12M,-0.65%
12/25/2022,0.3458,0.352,0.352,0.3442,149.48M,-1.76%
12/26/2022,0.3659,0.3458,0.3697,0.3456,460.67M,5.81%
12/27/2022,0.3675,0.3659,0.3726,0.3588,521.31M,0.43%
12/28/2022,0.356,0.3675,0.3686,0.355,481.85M,-3.12%
12/29/2022,0.3421,0.3559,0.3577,0.3375,504.02M,-3.91%
12/30/2022,0.3452,0.3421,0.3456,0.3338,371.00M,0.90%
12/31/2022,0.3387,0.3452,0.3452,0.3387,186.73M,-1.87%
1/1/2023,0.3387,0.3388,0.3399,0.3355,144.21M,0.00%
1/2/2023,0.3482,0.3387,0.3545,0.3152,913.67M,2.81%
1/3/2023,0.3437,0.3482,0.3519,0.3414,472.17M,-1.30%
1/4/2023,0.3478,0.3437,0.3515,0.3422,520.59M,1.19%
1/5/2023,0.3379,0.3476,0.3487,0.3364,374.32M,-2.82%
1/6/2023,0.3444,0.338,0.346,0.3314,409.47M,1.90%
1/7/2023,0.3441,0.3444,0.3456,0.3415,145.19M,-0.07%
1/8/2023,0.3448,0.3441,0.3461,0.3381,269.19M,0.19%
1/9/2023,0.349,0.3448,0.3572,0.3438,754.29M,1.22%
1/10/2023,0.3508,0.349,0.354,0.3434,474.09M,0.52%
1/11/2023,0.3729,0.3508,0.377,0.3477,858.01M,6.30%
1/12/2023,0.3748,0.3729,0.3794,0.3634,690.96M,0.52%
1/13/2023,0.386,0.3748,0.3867,0.3692,541.81M,2.99%
1/14/2023,0.3953,0.386,0.4086,0.3817,786.84M,2.39%
1/15/2023,0.3847,0.3953,0.3968,0.38,402.04M,-2.66%
1/16/2023,0.3862,0.3847,0.4063,0.3792,730.00M,0.37%
1/17/2023,0.3869,0.386,0.3981,0.3795,514.11M,0.20%
1/18/2023,0.3787,0.3869,0.3955,0.3694,830.01M,-2.13%
1/19/2023,0.3929,0.3786,0.3956,0.3767,555.14M,3.75%
1/20/2023,0.4131,0.3928,0.4137,0.3861,487.22M,5.15%
1/21/2023,0.4032,0.4128,0.4161,0.4007,467.16M,-2.40%
1/22/2023,0.4004,0.4034,0.4116,0.3967,339.50M,-0.70%
1/23/2023,0.424,0.4004,0.4321,0.3998,935.74M,5.89%
1/24/2023,0.4079,0.4239,0.431,0.404,549.09M,-3.79%
1/25/2023,0.417,0.4078,0.4244,0.3978,489.94M,2.23%
1/26/2023,0.4094,0.4167,0.4178,0.4063,384.61M,-1.81%
1/27/2023,0.4128,0.4094,0.4134,0.3992,359.88M,0.82%
1/28/2023,0.4079,0.4128,0.416,0.4059,199.75M,-1.20%
1/29/2023,0.4133,0.4079,0.4172,0.4066,223.15M,1.33%
1/30/2023,0.3936,0.4133,0.4215,0.3894,575.47M,-4.77%
1/31/2023,0.4057,0.3935,0.4112,0.3884,466.63M,3.08%
2/1/2023,0.4133,0.4057,0.4157,0.397,506.19M,1.86%
2/2/2023,0.4096,0.4133,0.4187,0.4085,436.84M,-0.89%
2/3/2023,0.4115,0.4096,0.4137,0.406,369.09M,0.46%
2/4/2023,0.4109,0.4115,0.4202,0.4076,243.58M,-0.14%
2/5/2023,0.3984,0.4109,0.4117,0.3954,327.69M,-3.04%
2/6/2023,0.3919,0.3984,0.4035,0.391,417.17M,-1.64%
2/7/2023,0.4036,0.3919,0.4047,0.3903,478.44M,2.99%
2/8/2023,0.3976,0.4036,0.4057,0.3937,374.80M,-1.49%
2/9/2023,0.3817,0.3976,0.408,0.3741,721.48M,-4.01%
2/10/2023,0.3821,0.3817,0.3877,0.3779,376.95M,0.11%
2/11/2023,0.3835,0.382,0.3841,0.3802,166.46M,0.37%
2/12/2023,0.3748,0.3835,0.3848,0.3721,191.17M,-2.26%
2/13/2023,0.3704,0.3748,0.3781,0.3629,538.01M,-1.17%
2/14/2023,0.3821,0.3704,0.3838,0.3646,507.21M,3.14%
2/15/2023,0.4011,0.3821,0.4022,0.3766,515.88M,4.99%
2/16/2023,0.3842,0.4011,0.4044,0.3842,594.20M,-4.23%
2/17/2023,0.3949,0.3842,0.3999,0.3811,475.63M,2.78%
2/18/2023,0.3943,0.395,0.3974,0.3912,196.16M,-0.15%
2/19/2023,0.3864,0.3943,0.3978,0.3854,328.36M,-1.99%
2/20/2023,0.3984,0.3864,0.4083,0.378,732.42M,3.11%
2/21/2023,0.3919,0.3984,0.4016,0.3875,594.30M,-1.64%
2/22/2023,0.3951,0.3919,0.3974,0.3832,566.95M,0.81%
2/23/2023,0.3883,0.3952,0.3978,0.3857,490.03M,-1.72%
2/24/2023,0.3784,0.3883,0.3908,0.3725,506.55M,-2.54%
2/25/2023,0.3779,0.3784,0.3793,0.3709,285.25M,-0.15%
2/26/2023,0.378,0.3779,0.3806,0.3746,200.97M,0.03%
2/27/2023,0.3785,0.378,0.3801,0.3711,602.00M,0.14%
2/28/2023,0.3762,0.3785,0.3825,0.3721,575.91M,-0.61%
3/1/2023,0.3837,0.3762,0.3842,0.3728,454.72M,1.98%
3/2/2023,0.3771,0.3837,0.3844,0.3738,440.59M,-1.70%
3/3/2023,0.3774,0.3772,0.3805,0.3555,695.08M,0.06%
3/4/2023,0.3735,0.3774,0.3797,0.3683,259.12M,-1.03%
3/5/2023,0.3668,0.3735,0.3772,0.3656,250.28M,-1.79%
3/6/2023,0.3696,0.3668,0.3739,0.3598,624.87M,0.77%
3/7/2023,0.3802,0.3695,0.3843,0.367,833.56M,2.85%
3/8/2023,0.3887,0.3802,0.4004,0.3725,966.40M,2.25%
3/9/2023,0.371,0.3887,0.3974,0.3649,933.16M,-4.57%
3/10/2023,0.37,0.3706,0.3749,0.3578,758.96M,-0.27%
3/11/2023,0.3638,0.37,0.3737,0.3589,506.12M,-1.66%
3/12/2023,0.3713,0.3638,0.3713,0.348,552.16M,2.05%
3/13/2023,0.3723,0.3714,0.3797,0.3568,793.43M,0.27%
3/14/2023,0.3726,0.3723,0.3867,0.3649,741.20M,0.07%
3/15/2023,0.359,0.3726,0.3758,0.3565,546.76M,-3.65%
3/16/2023,0.3648,0.359,0.3666,0.3566,374.92M,1.62%
3/17/2023,0.3799,0.3648,0.3813,0.3622,579.90M,4.14%
3/18/2023,0.374,0.3799,0.3891,0.37,491.19M,-1.56%
3/19/2023,0.3855,0.374,0.3999,0.3737,652.63M,3.08%
3/20/2023,0.3732,0.3857,0.3911,0.3715,623.52M,-3.19%
3/21/2023,0.4683,0.3732,0.4927,0.373,2.18B,25.49%
3/22/2023,0.4211,0.4693,0.4747,0.4099,1.82B,-10.07%
3/23/2023,0.444,0.4213,0.4543,0.4118,1.08B,5.43%
3/24/2023,0.4256,0.4438,0.4438,0.4156,691.45M,-4.15%
3/25/2023,0.4432,0.4256,0.4642,0.4226,830.88M,4.14%
3/26/2023,0.448,0.4431,0.463,0.4407,483.05M,1.08%
3/27/2023,0.4793,0.448,0.4882,0.4426,1.28B,6.99%
3/28/2023,0.5144,0.4792,0.5331,0.4685,1.42B,7.33%
3/29/2023,0.5427,0.5144,0.5821,0.5144,1.63B,5.50%
3/30/2023,0.5322,0.5424,0.5565,0.525,1.03B,-1.95%
3/31/2023,0.538,0.5322,0.5482,0.5272,668.82M,1.09%
4/1/2023,0.5095,0.5379,0.5379,0.4985,650.03M,-5.30%
4/2/2023,0.518,0.5095,0.5288,0.5016,503.34M,1.68%
4/3/2023,0.4957,0.518,0.5245,0.4838,663.37M,-4.31%
4/4/2023,0.5027,0.4957,0.5076,0.4874,462.51M,1.41%
4/5/2023,0.5056,0.5027,0.5266,0.4987,527.18M,0.58%
4/6/2023,0.5028,0.5056,0.5097,0.4928,401.75M,-0.55%
4/7/2023,0.513,0.5028,0.5152,0.498,393.28M,2.02%
4/8/2023,0.505,0.5129,0.5129,0.5029,171.35M,-1.57%
4/9/2023,0.5054,0.505,0.509,0.4992,167.09M,0.08%
4/10/2023,0.5177,0.5054,0.5197,0.5002,380.21M,2.43%
4/11/2023,0.5169,0.5176,0.527,0.5117,507.10M,-0.15%
4/12/2023,0.5047,0.5168,0.5178,0.4999,489.67M,-2.35%
4/13/2023,0.5124,0.5047,0.5148,0.5014,391.58M,1.53%
4/14/2023,0.5227,0.5124,0.5453,0.5112,637.31M,2.00%
4/15/2023,0.5193,0.5227,0.5261,0.517,219.33M,-0.65%
4/16/2023,0.5209,0.5193,0.5242,0.5154,221.06M,0.31%
4/17/2023,0.5109,0.5209,0.5209,0.5069,431.00M,-1.92%
4/18/2023,0.5318,0.5109,0.5375,0.5095,503.97M,4.10%
4/19/2023,0.4911,0.5324,0.5371,0.4783,889.03M,-7.66%
4/20/2023,0.4752,0.4911,0.4991,0.4656,634.89M,-3.24%
4/21/2023,0.4492,0.4752,0.4789,0.4404,607.93M,-5.46%
4/22/2023,0.4719,0.449,0.4751,0.4457,346.08M,5.05%
4/23/2023,0.4648,0.4719,0.4719,0.4538,313.91M,-1.50%
4/24/2023,0.4607,0.4648,0.4842,0.4485,583.54M,-0.89%
4/25/2023,0.4697,0.4607,0.4719,0.4508,537.49M,1.95%
4/26/2023,0.4618,0.4697,0.483,0.4364,774.76M,-1.68%
4/27/2023,0.4667,0.4618,0.4696,0.4562,498.17M,1.06%
4/28/2023,0.4797,0.4667,0.4823,0.4638,533.69M,2.79%
4/29/2023,0.478,0.4796,0.4859,0.4727,238.18M,-0.36%
4/30/2023,0.4705,0.478,0.4818,0.4692,202.09M,-1.56%
5/1/2023,0.4649,0.4706,0.4723,0.4556,464.92M,-1.19%
5/2/2023,0.4646,0.4649,0.4659,0.4579,449.59M,-0.07%
5/3/2023,0.4634,0.4646,0.4653,0.4504,488.00M,-0.25%
5/4/2023,0.461,0.4634,0.4649,0.4548,311.12M,-0.52%
5/5/2023,0.4671,0.4609,0.4702,0.4569,408.07M,1.31%
5/6/2023,0.4582,0.4671,0.4691,0.4528,237.95M,-1.90%
5/7/2023,0.4489,0.4582,0.4599,0.447,171.58M,-2.03%
5/8/2023,0.4283,0.4489,0.451,0.414,678.14M,-4.59%
5/9/2023,0.4289,0.4283,0.4308,0.4206,464.67M,0.13%
5/10/2023,0.4303,0.4289,0.4338,0.4133,505.80M,0.33%
5/11/2023,0.4206,0.4303,0.4304,0.4116,423.24M,-2.24%
5/12/2023,0.4305,0.4206,0.4432,0.4166,562.85M,2.35%
5/13/2023,0.424,0.4305,0.4305,0.4236,145.07M,-1.51%
5/14/2023,0.4252,0.424,0.4314,0.4218,142.86M,0.29%
5/15/2023,0.4274,0.4252,0.4303,0.4216,372.48M,0.50%
5/16/2023,0.4426,0.4274,0.4428,0.4189,501.10M,3.57%
5/17/2023,0.4481,0.4426,0.4611,0.4379,722.30M,1.23%
5/18/2023,0.4598,0.4485,0.4721,0.4431,601.87M,2.61%
5/19/2023,0.4675,0.4597,0.4746,0.4574,479.51M,1.69%
5/20/2023,0.4684,0.4675,0.4712,0.4619,186.84M,0.19%
5/21/2023,0.4575,0.4684,0.4705,0.4553,218.48M,-2.33%
5/22/2023,0.4617,0.4575,0.4671,0.4509,414.38M,0.92%
5/23/2023,0.4651,0.4617,0.4669,0.459,385.36M,0.74%
5/24/2023,0.4531,0.4651,0.4651,0.4464,500.06M,-2.59%
5/25/2023,0.4537,0.4531,0.4546,0.4438,282.80M,0.15%
5/26/2023,0.4685,0.4538,0.4699,0.4525,412.55M,3.25%
5/27/2023,0.4718,0.4685,0.4785,0.4658,254.85M,0.71%
5/28/2023,0.482,0.4718,0.486,0.47,229.96M,2.16%
5/29/2023,0.4944,0.482,0.4948,0.4767,443.39M,2.57%
5/30/2023,0.5205,0.4944,0.5289,0.4896,892.90M,5.29%
5/31/2023,0.5168,0.5205,0.5275,0.5012,600.31M,-0.72%
6/1/2023,0.5065,0.5168,0.5168,0.5021,421.14M,-1.99%
6/2/2023,0.5247,0.5065,0.5268,0.5041,396.93M,3.59%
6/3/2023,0.5188,0.5247,0.5321,0.5157,234.10M,-1.12%
6/4/2023,0.5358,0.5188,0.5461,0.5153,333.01M,3.28%
6/5/2023,0.509,0.5358,0.5425,0.4905,808.20M,-5.01%
6/6/2023,0.5299,0.509,0.5322,0.497,594.24M,4.11%
6/7/2023,0.5183,0.5299,0.538,0.507,613.06M,-2.19%
6/8/2023,0.5238,0.5183,0.5277,0.5157,352.84M,1.06%
6/9/2023,0.538,0.5238,0.5406,0.5206,477.70M,2.72%
6/10/2023,0.5068,0.538,0.5385,0.477,828.84M,-5.79%
6/11/2023,0.5207,0.5068,0.5289,0.503,302.45M,2.75%
6/12/2023,0.525,0.5207,0.5279,0.5091,478.14M,0.82%
6/13/2023,0.5191,0.525,0.5634,0.5058,1.02B,-1.12%
6/14/2023,0.4801,0.5191,0.5203,0.4657,718.20M,-7.51%
6/15/2023,0.4803,0.4801,0.4854,0.4682,461.32M,0.04%
6/16/2023,0.4758,0.4803,0.4831,0.4573,504.55M,-0.94%
6/17/2023,0.4794,0.4758,0.4861,0.4695,247.75M,0.76%
6/18/2023,0.487,0.4794,0.4975,0.4754,298.36M,1.58%
6/19/2023,0.4934,0.487,0.4982,0.4826,412.31M,1.32%
6/20/2023,0.4927,0.4934,0.4963,0.473,485.59M,-0.14%
6/21/2023,0.5,0.4927,0.5033,0.4893,549.21M,1.47%
6/22/2023,0.494,0.4999,0.527,0.4882,599.84M,-1.19%
6/23/2023,0.4959,0.494,0.502,0.485,452.44M,0.39%
6/24/2023,0.4866,0.4959,0.496,0.4808,263.36M,-1.88%
6/25/2023,0.4902,0.4866,0.497,0.4831,257.95M,0.75%
6/26/2023,0.4791,0.4902,0.4916,0.4732,402.16M,-2.27%
6/27/2023,0.4838,0.4791,0.4848,0.4765,390.62M,0.98%
6/28/2023,0.4647,0.4838,0.4843,0.4507,471.72M,-3.96%
6/29/2023,0.4746,0.4646,0.4772,0.4615,296.75M,2.14%
6/30/2023,0.4729,0.4746,0.4826,0.4545,541.26M,-0.35%
7/1/2023,0.4733,0.4729,0.476,0.4648,299.65M,0.08%
7/2/2023,0.4844,0.4731,0.4956,0.47,449.38M,2.35%
7/3/2023,0.4891,0.4844,0.4912,0.4789,469.38M,0.97%
7/4/2023,0.4869,0.4891,0.4935,0.4822,378.46M,-0.45%
7/5/2023,0.4776,0.4872,0.4919,0.4698,389.09M,-1.92%
7/6/2023,0.4623,0.4776,0.4842,0.4619,395.39M,-3.21%
7/7/2023,0.4686,0.4623,0.4707,0.4586,292.48M,1.37%
7/8/2023,0.4704,0.4686,0.4747,0.4653,151.24M,0.39%
7/9/2023,0.4681,0.4704,0.4717,0.4669,105.41M,-0.50%
7/10/2023,0.478,0.4681,0.4799,0.4638,429.53M,2.12%
7/11/2023,0.4753,0.478,0.4782,0.4711,295.95M,-0.56%
7/12/2023,0.4711,0.4753,0.4772,0.4662,307.59M,-0.88%
7/13/2023,0.815,0.4711,0.9214,0.4696,3.45B,73.01%
7/14/2023,0.7182,0.8156,0.8239,0.6723,2.12B,-11.88%
7/15/2023,0.7145,0.7181,0.7329,0.6938,1.01B,-0.51%
7/16/2023,0.747,0.7145,0.7891,0.7053,1.31B,4.55%
7/17/2023,0.7375,0.747,0.7644,0.7148,839.35M,-1.28%
7/18/2023,0.779,0.7375,0.7819,0.7329,801.79M,5.62%
7/19/2023,0.8198,0.7788,0.8489,0.7717,1.26B,5.25%
7/20/2023,0.794,0.8198,0.8482,0.7726,908.89M,-3.15%
7/21/2023,0.7713,0.7942,0.7985,0.7617,600.42M,-2.86%
7/22/2023,0.7329,0.7713,0.7797,0.7236,492.50M,-4.98%
7/23/2023,0.7384,0.7329,0.7513,0.7161,456.90M,0.75%
7/24/2023,0.7022,0.7384,0.7423,0.6833,831.81M,-4.90%
7/25/2023,0.709,0.7022,0.7153,0.6754,622.40M,0.96%
7/26/2023,0.7163,0.709,0.7304,0.6953,614.79M,1.03%
7/27/2023,0.7139,0.7163,0.731,0.7079,547.34M,-0.33%
7/28/2023,0.7123,0.7139,0.7184,0.7034,363.73M,-0.23%
7/29/2023,0.7121,0.7123,0.7152,0.7051,218.35M,-0.03%
7/30/2023,0.7046,0.7121,0.7335,0.686,453.08M,-1.05%
7/31/2023,0.6976,0.7046,0.7199,0.6871,649.90M,-0.99%
8/1/2023,0.707,0.6976,0.7074,0.6798,609.87M,1.34%
8/2/2023,0.6851,0.707,0.7076,0.6773,447.75M,-3.10%
8/3/2023,0.6633,0.6848,0.6874,0.6571,588.43M,-3.19%
8/4/2023,0.6356,0.6632,0.6674,0.6292,581.93M,-4.18%
8/5/2023,0.6288,0.6356,0.6357,0.6121,496.93M,-1.07%
8/6/2023,0.624,0.6288,0.6383,0.6215,378.60M,-0.77%
8/7/2023,0.6231,0.624,0.6298,0.6003,720.00M,-0.13%
8/8/2023,0.6419,0.6231,0.6466,0.6145,616.88M,3.01%
8/9/2023,0.6433,0.6419,0.6653,0.6341,717.55M,0.21%
8/10/2023,0.6329,0.6433,0.6444,0.6247,507.62M,-1.61%
8/11/2023,0.6318,0.633,0.6407,0.6267,419.60M,-0.18%
8/12/2023,0.6274,0.6318,0.6331,0.6247,206.00M,-0.69%
8/13/2023,0.6256,0.6276,0.6382,0.6244,279.29M,-0.28%
8/14/2023,0.6342,0.6256,0.6368,0.6243,456.28M,1.36%
8/15/2023,0.6104,0.6342,0.6345,0.5873,591.96M,-3.75%
8/16/2023,0.589,0.6104,0.6166,0.5777,847.81M,-3.50%
8/17/2023,0.5066,0.589,0.5945,0.4334,1.29B,-13.99%
8/18/2023,0.506,0.5063,0.5199,0.4852,1.21B,-0.13%
8/19/2023,0.52,0.506,0.5237,0.5009,549.93M,2.77%
8/20/2023,0.5385,0.52,0.5554,0.5164,765.32M,3.56%
8/21/2023,0.5244,0.5385,0.5397,0.5061,868.00M,-2.62%
8/22/2023,0.5207,0.5244,0.5254,0.5048,718.43M,-0.70%
8/23/2023,0.5301,0.5207,0.5365,0.5159,493.09M,1.80%
8/24/2023,0.5186,0.5301,0.5319,0.5122,433.37M,-2.16%
8/25/2023,0.5257,0.5186,0.531,0.5082,517.75M,1.36%
8/26/2023,0.5231,0.5257,0.5279,0.5184,231.57M,-0.49%
8/27/2023,0.5236,0.5231,0.53,0.5206,258.09M,0.10%
8/28/2023,0.5232,0.5236,0.525,0.5121,404.87M,-0.08%
8/29/2023,0.54,0.5232,0.5475,0.5133,649.47M,3.21%
8/30/2023,0.5284,0.5398,0.5403,0.5222,468.33M,-2.14%
8/31/2023,0.511,0.5283,0.5287,0.4997,541.27M,-3.29%
9/1/2023,0.498,0.511,0.5118,0.4881,598.12M,-2.53%
9/2/2023,0.4988,0.498,0.5025,0.4945,331.43M,0.16%
9/3/2023,0.5047,0.4988,0.5098,0.4973,298.75M,1.18%
9/4/2023,0.5086,0.5047,0.5126,0.4976,443.63M,0.76%
9/5/2023,0.5056,0.5086,0.5086,0.4994,393.22M,-0.59%
9/6/2023,0.5032,0.5056,0.5058,0.4919,391.31M,-0.46%
9/7/2023,0.505,0.5032,0.5065,0.4966,340.61M,0.35%
9/8/2023,0.505,0.505,0.507,0.4951,358.56M,0.00%
9/9/2023,0.5038,0.505,0.505,0.5016,127.51M,-0.24%
9/10/2023,0.4969,0.5038,0.5038,0.4932,225.99M,-1.37%
9/11/2023,0.4743,0.4969,0.4982,0.4624,661.84M,-4.55%
9/12/2023,0.4802,0.4743,0.4855,0.4701,479.55M,1.23%
9/13/2023,0.4833,0.4802,0.4889,0.4739,395.13M,0.65%
9/14/2023,0.4891,0.4833,0.4934,0.4801,321.93M,1.21%
9/15/2023,0.5005,0.4891,0.5066,0.4881,412.04M,2.33%
9/16/2023,0.4997,0.5005,0.5034,0.4983,176.37M,-0.16%
9/17/2023,0.4926,0.4997,0.5003,0.4901,190.79M,-1.42%
9/18/2023,0.503,0.4926,0.5071,0.4886,464.23M,2.11%
9/19/2023,0.5138,0.503,0.5163,0.5012,510.01M,2.15%
9/20/2023,0.5212,0.5139,0.5249,0.5075,503.98M,1.43%
9/21/2023,0.5072,0.5212,0.5212,0.5007,430.97M,-2.69%
9/22/2023,0.5121,0.5071,0.5166,0.5044,328.36M,0.98%
9/23/2023,0.5076,0.5121,0.5136,0.5058,135.46M,-0.88%
9/24/2023,0.5021,0.5076,0.5115,0.4996,150.06M,-1.09%
9/25/2023,0.5056,0.5021,0.5069,0.4919,410.24M,0.71%
9/26/2023,0.502,0.5056,0.5073,0.4977,365.97M,-0.73%
9/27/2023,0.4995,0.5019,0.5069,0.4968,334.64M,-0.50%
9/28/2023,0.5097,0.4995,0.51,0.4952,341.11M,2.05%
9/29/2023,0.5217,0.5097,0.5463,0.5062,844.57M,2.35%
9/30/2023,0.5148,0.5217,0.5217,0.5146,205.79M,-1.32%
10/1/2023,0.5239,0.5148,0.5255,0.5139,225.01M,1.76%
10/2/2023,0.5123,0.5239,0.5259,0.5104,449.82M,-2.21%
10/3/2023,0.5389,0.5122,0.547,0.5064,554.82M,5.20%
10/4/2023,0.5326,0.5389,0.542,0.522,630.73M,-1.16%
10/5/2023,0.5228,0.5326,0.5326,0.5181,342.91M,-1.84%
10/6/2023,0.5254,0.5227,0.5289,0.5178,298.22M,0.49%
10/7/2023,0.5215,0.5254,0.5255,0.5198,95.15M,-0.74%
10/8/2023,0.5175,0.5215,0.5234,0.5164,120.34M,-0.77%
10/9/2023,0.5026,0.5175,0.52,0.4924,442.97M,-2.88%
10/10/2023,0.4964,0.5026,0.5026,0.4919,305.92M,-1.23%
10/11/2023,0.489,0.4964,0.4977,0.4795,313.41M,-1.50%
10/12/2023,0.483,0.489,0.489,0.4746,346.56M,-1.23%
10/13/2023,0.4851,0.483,0.4906,0.4787,319.62M,0.44%
10/14/2023,0.4865,0.4851,0.4883,0.4835,119.84M,0.29%
10/15/2023,0.4874,0.4865,0.4899,0.4851,127.24M,0.18%
10/16/2023,0.4978,0.4874,0.5099,0.4854,496.80M,2.13%
10/17/2023,0.4911,0.4978,0.498,0.4876,376.84M,-1.34%
10/18/2023,0.4877,0.4911,0.4923,0.4865,368.52M,-0.69%
10/19/2023,0.5196,0.4878,0.5241,0.4777,647.63M,6.55%
10/20/2023,0.515,0.5196,0.5296,0.5087,559.75M,-0.89%
10/21/2023,0.5211,0.5149,0.5314,0.5112,221.48M,1.18%
10/22/2023,0.5226,0.5211,0.5238,0.5132,202.82M,0.29%
10/23/2023,0.5472,0.5226,0.5523,0.5199,777.46M,4.72%
10/24/2023,0.5589,0.5473,0.5839,0.5365,1.16B,2.13%
10/25/2023,0.5552,0.5589,0.5632,0.541,626.90M,-0.66%
10/26/2023,0.5535,0.5552,0.5676,0.5434,650.56M,-0.31%
10/27/2023,0.543,0.5533,0.5586,0.5384,500.06M,-1.90%
10/28/2023,0.5446,0.543,0.5504,0.5406,251.86M,0.30%
10/29/2023,0.5561,0.5446,0.5613,0.541,206.62M,2.10%
10/30/2023,0.5782,0.5561,0.5841,0.5497,595.42M,3.98%
10/31/2023,0.5996,0.5782,0.6156,0.563,787.70M,3.70%
11/1/2023,0.6087,0.5996,0.6156,0.5803,734.23M,1.53%
11/2/2023,0.6054,0.6087,0.625,0.5897,797.37M,-0.55%
11/3/2023,0.6121,0.6054,0.6149,0.5923,657.34M,1.10%
11/4/2023,0.6151,0.6121,0.618,0.6089,372.07M,0.48%
11/5/2023,0.6605,0.6151,0.6623,0.6141,645.22M,7.39%
11/6/2023,0.7148,0.6608,0.7317,0.6591,965.92M,8.22%
11/7/2023,0.6852,0.7148,0.7149,0.6555,1.05B,-4.15%
11/8/2023,0.6871,0.6852,0.6977,0.6726,688.97M,0.29%
11/9/2023,0.6666,0.687,0.706,0.6343,1.15B,-2.99%
11/10/2023,0.6597,0.6666,0.671,0.6408,720.37M,-1.04%
11/11/2023,0.6627,0.6594,0.685,0.6417,499.64M,0.46%
11/12/2023,0.6616,0.6627,0.6708,0.6478,255.02M,-0.17%
11/13/2023,0.6704,0.6613,0.7478,0.6423,944.37M,1.32%
11/14/2023,0.6294,0.6705,0.6712,0.5974,760.69M,-6.11%
11/15/2023,0.6481,0.6296,0.6502,0.6253,413.75M,2.97%
11/16/2023,0.612,0.6481,0.6521,0.6054,529.37M,-5.57%
11/17/2023,0.6132,0.612,0.624,0.5866,459.82M,0.20%
11/18/2023,0.6106,0.6132,0.6143,0.5911,230.91M,-0.43%
11/19/2023,0.6255,0.6106,0.6286,0.6014,291.81M,2.44%
11/20/2023,0.6122,0.6255,0.6281,0.6101,367.19M,-2.12%
11/21/2023,0.5788,0.6122,0.6177,0.5737,607.29M,-5.46%
11/22/2023,0.6107,0.5787,0.6161,0.5785,479.19M,5.51%
11/23/2023,0.6203,0.6107,0.6235,0.6062,426.77M,1.58%
11/24/2023,0.6212,0.6204,0.6252,0.616,385.00M,0.14%
11/25/2023,0.6225,0.6211,0.6232,0.6158,166.72M,0.22%
11/26/2023,0.6154,0.6225,0.6366,0.6097,378.14M,-1.14%
11/27/2023,0.6034,0.6154,0.6165,0.5939,456.95M,-1.95%
11/28/2023,0.6087,0.6034,0.6124,0.5958,427.83M,0.89%
11/29/2023,0.6083,0.6089,0.6156,0.6036,375.95M,-0.08%
11/30/2023,0.6054,0.6083,0.609,0.5982,362.04M,-0.47%
12/1/2023,0.6116,0.6055,0.6124,0.6024,360.95M,1.02%
12/2/2023,0.619,0.6116,0.621,0.61,240.75M,1.22%
12/3/2023,0.6221,0.619,0.632,0.6158,359.98M,0.49%
12/4/2023,0.6238,0.6221,0.6422,0.591,687.66M,0.28%
12/5/2023,0.6201,0.6239,0.6292,0.6075,527.35M,-0.60%
12/6/2023,0.6396,0.6202,0.6417,0.6122,706.83M,3.15%
12/7/2023,0.6416,0.6395,0.6527,0.6225,636.77M,0.30%
12/8/2023,0.6724,0.6416,0.6753,0.636,661.27M,4.81%
12/9/2023,0.6585,0.6718,0.6994,0.6561,706.26M,-2.07%
12/10/2023,0.6617,0.6585,0.671,0.6481,373.77M,0.48%
12/11/2023,0.6186,0.6617,0.6627,0.6024,811.11M,-6.51%
12/12/2023,0.619,0.6186,0.6261,0.6069,522.27M,0.07%
12/13/2023,0.6272,0.619,0.634,0.595,556.10M,1.33%
12/14/2023,0.6316,0.6273,0.6377,0.6141,487.85M,0.69%
12/15/2023,0.6155,0.6316,0.643,0.6138,507.12M,-2.55%
12/16/2023,0.6204,0.6155,0.6255,0.6108,283.12M,0.79%
12/17/2023,0.6103,0.6204,0.6223,0.6089,295.92M,-1.62%
12/18/2023,0.6124,0.6103,0.6143,0.5814,661.10M,0.34%
12/19/2023,0.6045,0.6124,0.6166,0.5974,444.30M,-1.29%
12/20/2023,0.617,0.6045,0.6261,0.6012,535.82M,2.07%
12/21/2023,0.6241,0.617,0.6248,0.6108,423.84M,1.15%
12/22/2023,0.6243,0.6241,0.631,0.6157,525.20M,0.04%
12/23/2023,0.6195,0.6243,0.6248,0.6115,281.41M,-0.77%
12/24/2023,0.612,0.6195,0.6289,0.6071,430.86M,-1.21%
12/25/2023,0.6461,0.612,0.6485,0.6083,663.83M,5.56%
12/26/2023,0.622,0.6461,0.6462,0.6029,593.53M,-3.73%
12/27/2023,0.6344,0.622,0.6413,0.6133,522.01M,2.00%
12/28/2023,0.6345,0.6341,0.6569,0.6254,647.41M,0.02%
12/29/2023,0.623,0.6345,0.6362,0.6133,447.90M,-1.82%
12/30/2023,0.6207,0.623,0.6295,0.616,207.77M,-0.36%
12/31/2023,0.6154,0.6207,0.6279,0.6071,202.66M,-0.86%
1/1/2024,0.6295,0.6154,0.6309,0.6085,205.68M,2.29%
1/2/2024,0.6245,0.6294,0.6394,0.6217,454.63M,-0.79%
1/3/2024,0.5822,0.6245,0.6392,0.5021,1.39B,-6.77%
1/4/2024,0.5869,0.5822,0.5937,0.5703,612.73M,0.80%
1/5/2024,0.5757,0.587,0.5884,0.5567,670.40M,-1.90%
1/6/2024,0.5679,0.5757,0.5757,0.557,400.49M,-1.36%
1/7/2024,0.5511,0.568,0.5727,0.5462,381.19M,-2.95%
1/8/2024,0.5774,0.5511,0.5815,0.5451,767.02M,4.76%
1/9/2024,0.5669,0.5774,0.5781,0.5558,702.44M,-1.81%
1/10/2024,0.6005,0.567,0.6143,0.5501,818.70M,5.92%
1/11/2024,0.6018,0.6004,0.6224,0.586,698.54M,0.22%
1/12/2024,0.5702,0.6019,0.6033,0.5569,625.57M,-5.26%
1/13/2024,0.5747,0.5701,0.5774,0.5701,216.83M,0.79%
1/14/2024,0.5765,0.5747,0.5929,0.5718,264.38M,0.31%
1/15/2024,0.5756,0.5765,0.5891,0.5688,356.62M,-0.15%
1/16/2024,0.5757,0.5756,0.5797,0.5673,330.96M,0.01%
1/17/2024,0.5686,0.5757,0.5763,0.5623,330.82M,-1.23%
1/18/2024,0.5518,0.5686,0.569,0.5449,404.83M,-2.96%
1/19/2024,0.5443,0.5518,0.5536,0.5227,576.03M,-1.36%
1/20/2024,0.5537,0.5443,0.5549,0.5392,281.17M,1.73%
1/21/2024,0.5463,0.5537,0.5552,0.5459,168.99M,-1.34%
1/22/2024,0.5274,0.5464,0.5493,0.5198,446.90M,-3.46%
1/23/2024,0.5181,0.5274,0.5317,0.4965,613.25M,-1.76%
1/24/2024,0.5182,0.5181,0.5192,0.5111,363.13M,0.02%
1/25/2024,0.5137,0.5182,0.5182,0.5041,349.93M,-0.86%
1/26/2024,0.5322,0.5137,0.5358,0.5085,455.51M,3.59%
1/27/2024,0.5303,0.5322,0.5346,0.5265,163.67M,-0.34%
1/28/2024,0.5242,0.5303,0.5354,0.5213,191.84M,-1.16%
1/29/2024,0.5351,0.5242,0.5397,0.5201,399.50M,2.08%
1/30/2024,0.5106,0.5351,0.539,0.5068,816.71M,-4.57%
1/31/2024,0.5033,0.5107,0.5142,0.491,623.35M,-1.44%
2/1/2024,0.5058,0.5033,0.5105,0.4904,438.79M,0.50%
2/2/2024,0.5107,0.5058,0.5138,0.499,455.94M,0.97%
2/3/2024,0.5186,0.5108,0.5263,0.5061,357.19M,1.54%
2/4/2024,0.5032,0.5186,0.5191,0.5018,208.50M,-2.98%
2/5/2024,0.5068,0.5032,0.5138,0.4976,409.98M,0.72%
2/6/2024,0.5051,0.5068,0.5111,0.499,396.05M,-0.34%
2/7/2024,0.5138,0.5051,0.5155,0.4994,460.82M,1.72%
2/8/2024,0.5146,0.5138,0.519,0.5102,433.54M,0.16%
2/9/2024,0.526,0.5146,0.528,0.514,509.99M,2.22%
2/10/2024,0.5238,0.526,0.5281,0.5188,203.09M,-0.42%
2/11/2024,0.5262,0.5238,0.5359,0.5216,313.00M,0.46%
2/12/2024,0.5315,0.5262,0.5374,0.5145,515.17M,1.00%
2/13/2024,0.5245,0.5315,0.5336,0.5155,537.62M,-1.30%
2/14/2024,0.5377,0.5247,0.5418,0.5203,558.03M,2.51%
2/15/2024,0.5621,0.5377,0.5762,0.5374,850.58M,4.53%
2/16/2024,0.5643,0.5621,0.5782,0.553,695.31M,0.39%
2/17/2024,0.5496,0.5643,0.5654,0.5399,353.74M,-2.60%
2/18/2024,0.557,0.5496,0.5624,0.5474,277.67M,1.35%
2/19/2024,0.5626,0.557,0.5677,0.5543,509.93M,1.00%
2/20/2024,0.5623,0.5626,0.5748,0.5452,794.14M,-0.06%
2/21/2024,0.549,0.5623,0.5629,0.5335,621.42M,-2.36%
2/22/2024,0.5412,0.549,0.5515,0.5368,518.46M,-1.42%
2/23/2024,0.5341,0.5412,0.5436,0.526,593.65M,-1.31%
2/24/2024,0.5449,0.5341,0.548,0.5314,275.72M,2.03%
2/25/2024,0.5425,0.5449,0.5486,0.542,277.12M,-0.45%
2/26/2024,0.5507,0.5425,0.5526,0.5289,572.92M,1.52%
2/27/2024,0.5861,0.5507,0.5967,0.5478,1.18B,6.42%
2/28/2024,0.5751,0.5859,0.6053,0.5393,1.49B,-1.88%
2/29/2024,0.586,0.5751,0.6234,0.5676,1.86B,1.91%
3/1/2024,0.6011,0.5861,0.6033,0.5833,793.09M,2.58%
3/2/2024,0.6442,0.6011,0.6496,0.5996,1.28B,7.16%
3/3/2024,0.6274,0.644,0.6443,0.5936,950.23M,-2.61%
3/4/2024,0.6478,0.6273,0.6645,0.6202,1.53B,3.25%
3/5/2024,0.5908,0.6475,0.6681,0.5454,2.27B,-8.79%
3/6/2024,0.6121,0.5908,0.6235,0.5756,1.19B,3.61%
3/7/2024,0.6272,0.6121,0.6387,0.6071,1.11B,2.46%
3/8/2024,0.6201,0.6272,0.6337,0.6037,943.57M,-1.14%
3/9/2024,0.6201,0.6201,0.6321,0.6163,629.31M,0.00%
3/10/2024,0.6079,0.62,0.6276,0.5968,657.43M,-1.96%
3/11/2024,0.7191,0.6079,0.7435,0.5857,2.73B,18.29%
3/12/2024,0.688,0.7191,0.7313,0.6615,1.65B,-4.32%
3/13/2024,0.6887,0.688,0.7022,0.6689,941.43M,0.10%
3/14/2024,0.6692,0.6888,0.7073,0.6413,1.25B,-2.83%
3/15/2024,0.6341,0.6692,0.6751,0.5999,1.60B,-5.24%
3/16/2024,0.603,0.6341,0.646,0.5945,940.98M,-4.91%
3/17/2024,0.6189,0.603,0.6249,0.5876,756.58M,2.64%
3/18/2024,0.6452,0.6191,0.6677,0.5947,1.19B,4.26%
3/19/2024,0.585,0.6453,0.6485,0.5722,1.52B,-9.33%
3/20/2024,0.6113,0.5848,0.6184,0.5695,1.20B,4.48%
3/21/2024,0.6408,0.6112,0.654,0.5977,1.16B,4.83%
3/22/2024,0.6116,0.6404,0.6449,0.5997,839.02M,-4.54%
3/23/2024,0.6167,0.6116,0.6324,0.6044,422.86M,0.83%
3/24/2024,0.6325,0.6167,0.6356,0.6134,451.63M,2.55%
3/25/2024,0.6406,0.6325,0.6619,0.6265,844.26M,1.28%
3/26/2024,0.6318,0.6406,0.6529,0.6257,706.20M,-1.37%
3/27/2024,0.6118,0.6318,0.6346,0.6066,815.79M,-3.16%
3/28/2024,0.6245,0.6118,0.6371,0.6047,720.46M,2.08%
3/29/2024,0.63,0.6245,0.6444,0.6097,755.22M,0.88%
3/30/2024,0.6215,0.63,0.6362,0.6179,395.10M,-1.35%
3/31/2024,0.6291,0.6215,0.6299,0.6205,258.27M,1.23%
4/1/2024,0.611,0.6291,0.6328,0.5954,753.07M,-2.87%
4/2/2024,0.5853,0.611,0.618,0.5798,918.62M,-4.21%
4/3/2024,0.5739,0.5853,0.5962,0.5667,726.64M,-1.94%
4/4/2024,0.5931,0.5741,0.6145,0.5626,977.92M,3.35%
4/5/2024,0.5872,0.5931,0.5951,0.5692,624.54M,-1.01%
4/6/2024,0.5929,0.5872,0.5984,0.5853,237.38M,0.98%
4/7/2024,0.5946,0.5929,0.6023,0.5896,292.69M,0.28%
4/8/2024,0.6151,0.5946,0.6259,0.5887,718.36M,3.45%
4/9/2024,0.6141,0.6151,0.6418,0.6016,908.05M,-0.16%
4/10/2024,0.6172,0.6141,0.6201,0.5958,629.23M,0.51%
4/11/2024,0.6085,0.6172,0.6214,0.6032,512.40M,-1.41%
4/12/2024,0.547,0.6085,0.6156,0.5168,1.40B,-10.10%
4/13/2024,0.4783,0.547,0.5488,0.4312,1.89B,-12.57%
4/14/2024,0.5034,0.4782,0.5072,0.4643,1.35B,5.26%
4/15/2024,0.4976,0.5034,0.5187,0.4815,1.05B,-1.16%
4/16/2024,0.4965,0.4976,0.5017,0.4771,830.95M,-0.22%
4/18/2024,0.5025,0.4884,0.5052,0.4858,685.30M,1.21%
4/19/2024,0.5028,0.5025,0.5106,0.4677,1.10B,0.04%
4/20/2024,0.5288,0.503,0.5299,0.4987,563.49M,5.19%
4/21/2024,0.5246,0.5288,0.5364,0.5188,377.99M,-0.81%
4/22/2024,0.5562,0.5246,0.5709,0.5225,801.63M,6.04%
4/23/2024,0.5445,0.556,0.5574,0.5419,647.39M,-2.11%
4/24/2024,0.5275,0.5445,0.5518,0.5218,731.07M,-3.13%
4/25/2024,0.5254,0.5275,0.5325,0.5141,622.31M,-0.39%
4/26/2024,0.526,0.5254,0.5357,0.5148,585.49M,0.12%
4/27/2024,0.5179,0.5261,0.5264,0.5103,347.31M,-1.56%
4/28/2024,0.5101,0.5179,0.5252,0.5087,240.32M,-1.49%
4/29/2024,0.5151,0.5102,0.5174,0.4987,568.12M,0.98%
4/30/2024,0.5004,0.515,0.5197,0.4889,681.90M,-2.86%
5/1/2024,0.5173,0.5006,0.5211,0.4795,813.12M,3.38%
5/2/2024,0.5179,0.5174,0.5244,0.5068,580.80M,0.12%
5/3/2024,0.5316,0.5179,0.5364,0.5146,578.90M,2.64%
5/4/2024,0.5301,0.5316,0.5407,0.5275,298.36M,-0.27%
5/5/2024,0.5295,0.5301,0.5332,0.5241,212.25M,-0.12%
5/6/2024,0.54,0.5295,0.5692,0.5251,907.57M,1.98%
5/7/2024,0.5247,0.5399,0.5441,0.5219,501.07M,-2.82%
5/8/2024,0.517,0.5247,0.5292,0.5155,563.97M,-1.47%
5/9/2024,0.521,0.517,0.5237,0.5092,480.48M,0.78%
5/10/2024,0.5021,0.5209,0.5209,0.4979,587.73M,-3.63%
5/11/2024,0.5059,0.5021,0.5074,0.5007,188.09M,0.76%
5/12/2024,0.4993,0.5059,0.5084,0.4969,174.99M,-1.30%
5/13/2024,0.5052,0.4993,0.5114,0.4869,507.80M,1.16%
5/14/2024,0.5,0.5053,0.5123,0.4975,506.21M,-1.02%
5/15/2024,0.519,0.5001,0.5195,0.4975,515.40M,3.79%
5/16/2024,0.5156,0.5189,0.5222,0.5125,540.83M,-0.66%
5/17/2024,0.5234,0.5156,0.5287,0.5137,456.52M,1.52%
5/18/2024,0.5212,0.5234,0.5256,0.5188,171.86M,-0.41%
5/19/2024,0.5097,0.5213,0.5234,0.5071,209.99M,-2.22%
5/20/2024,0.5377,0.5096,0.5379,0.5067,672.45M,5.49%
5/21/2024,0.5372,0.5377,0.5565,0.5321,812.41M,-0.09%
5/22/2024,0.5268,0.5372,0.5382,0.5236,509.46M,-1.94%
5/23/2024,0.5288,0.5269,0.5456,0.5091,948.10M,0.38%
5/24/2024,0.5358,0.5288,0.5372,0.5169,513.88M,1.33%
5/25/2024,0.5416,0.5359,0.5425,0.5334,246.38M,1.09%
5/26/2024,0.5282,0.5416,0.5418,0.5267,200.55M,-2.47%
5/27/2024,0.5339,0.5282,0.5406,0.524,408.03M,1.08%
5/28/2024,0.5286,0.5339,0.5353,0.5218,451.13M,-0.99%
5/29/2024,0.5237,0.5286,0.5329,0.5201,501.98M,-0.93%
5/30/2024,0.5186,0.5237,0.5282,0.5132,533.93M,-0.97%
5/31/2024,0.5175,0.5186,0.5247,0.5129,487.46M,-0.21%
6/1/2024,0.5185,0.5175,0.5218,0.5175,174.06M,0.20%
6/2/2024,0.5136,0.5185,0.5199,0.5085,245.17M,-0.95%
6/3/2024,0.5198,0.5135,0.5229,0.512,408.64M,1.22%
6/4/2024,0.5257,0.5198,0.5303,0.5184,438.59M,1.13%
6/5/2024,0.5257,0.5257,0.5322,0.5245,411.78M,-0.01%
6/6/2024,0.5216,0.5257,0.5279,0.5167,456.36M,-0.78%
6/7/2024,0.4991,0.5215,0.528,0.4599,896.00M,-4.31%
6/8/2024,0.4927,0.499,0.5007,0.4903,284.73M,-1.28%
6/9/2024,0.4987,0.4927,0.4992,0.4914,166.63M,1.20%
6/10/2024,0.4969,0.4987,0.5056,0.4938,402.90M,-0.37%
6/11/2024,0.4802,0.4969,0.497,0.4722,700.24M,-3.34%
6/12/2024,0.4916,0.4803,0.4975,0.4745,556.86M,2.37%
6/13/2024,0.4769,0.4916,0.4917,0.4761,475.51M,-2.99%
6/14/2024,0.4745,0.477,0.481,0.4628,594.05M,-0.51%
6/15/2024,0.4906,0.4744,0.505,0.474,304.83M,3.40%
6/16/2024,0.4892,0.4906,0.4991,0.4879,271.80M,-0.29%
6/17/2024,0.5048,0.4892,0.5198,0.4846,948.85M,3.18%
6/18/2024,0.4909,0.5048,0.5087,0.4768,993.85M,-2.75%
6/19/2024,0.4933,0.4909,0.4995,0.4869,488.46M,0.49%
6/20/2024,0.4888,0.4933,0.5018,0.4884,558.79M,-0.92%
6/21/2024,0.489,0.4888,0.4956,0.4799,576.18M,0.05%
6/22/2024,0.4866,0.489,0.4896,0.4842,171.42M,-0.49%
6/23/2024,0.4797,0.4866,0.489,0.4776,188.60M,-1.41%
6/24/2024,0.4742,0.4797,0.4818,0.4627,665.44M,-1.14%
6/25/2024,0.4757,0.4742,0.4799,0.4732,400.90M,0.31%
6/26/2024,0.4697,0.4757,0.4781,0.4656,410.39M,-1.26%
6/27/2024,0.4752,0.4697,0.477,0.4657,399.63M,1.15%
6/28/2024,0.4714,0.4752,0.4809,0.4703,458.86M,-0.78%
6/29/2024,0.4726,0.4715,0.4767,0.4715,128.62M,0.25%
6/30/2024,0.476,0.4726,0.4781,0.4704,164.00M,0.72%
7/1/2024,0.477,0.476,0.4845,0.4755,367.00M,0.22%
7/2/2024,0.4853,0.477,0.4887,0.476,392.32M,1.73%
7/3/2024,0.4671,0.4853,0.4869,0.4615,573.14M,-3.75%
7/4/2024,0.4326,0.4671,0.4696,0.4317,742.22M,-7.38%
7/5/2024,0.4251,0.4327,0.4329,0.3865,1.16B,-1.74%
7/6/2024,0.4489,0.4251,0.4497,0.4237,321.10M,5.60%
7/7/2024,0.4194,0.4489,0.4489,0.4184,271.84M,-6.58%
7/8/2024,0.4317,0.4194,0.4426,0.4036,846.46M,2.93%
7/9/2024,0.4356,0.4317,0.4376,0.4275,486.66M,0.92%
7/10/2024,0.4389,0.4356,0.4425,0.4316,491.32M,0.76%
7/11/2024,0.4489,0.4389,0.4533,0.4368,548.87M,2.27%
7/12/2024,0.4744,0.4489,0.4777,0.4446,784.64M,5.67%
7/13/2024,0.5254,0.4744,0.5657,0.4738,1.28B,10.75%
7/14/2024,0.5213,0.5253,0.5398,0.5143,626.87M,-0.78%
7/15/2024,0.5374,0.5213,0.5398,0.5213,757.93M,3.09%
7/16/2024,0.5793,0.5374,0.5928,0.533,1.40B,7.80%
7/17/2024,0.6261,0.5794,0.6369,0.5784,1.35B,8.08%
7/18/2024,0.5696,0.6261,0.636,0.5592,1.10B,-9.03%
7/19/2024,0.5731,0.5696,0.5863,0.5409,899.91M,0.62%
7/20/2024,0.5938,0.573,0.6037,0.571,523.54M,3.62%
7/21/2024,0.5979,0.5938,0.6074,0.5748,436.99M,0.69%
7/22/2024,0.6078,0.598,0.6227,0.5859,683.80M,1.66%
7/23/2024,0.5975,0.6081,0.6168,0.5819,585.25M,-1.70%
7/24/2024,0.6183,0.5975,0.6323,0.5919,688.44M,3.48%
7/25/2024,0.5995,0.6181,0.6253,0.5853,794.36M,-3.03%
7/26/2024,0.6034,0.5995,0.6091,0.5867,123.24M,0.64%
7/27/2024,0.5957,0.6033,0.6089,0.5854,320.82M,-1.27%
7/28/2024,0.6014,0.5968,0.6138,0.5959,298.04M,0.95%
7/29/2024,0.6024,0.6013,0.6122,0.592,388.26M,0.18%
7/30/2024,0.6274,0.6024,0.6361,0.5956,709.56M,4.15%
7/31/2024,0.6231,0.6274,0.6581,0.6225,711.17M,-0.69%
8/1/2024,0.5965,0.6231,0.63,0.5694,706.90M,-4.26%
8/2/2024,0.5608,0.5966,0.5969,0.5477,642.58M,-5.98%
8/3/2024,0.5561,0.5608,0.5774,0.5412,429.97M,-0.84%
8/4/2024,0.5228,0.5561,0.5588,0.5151,397.98M,-5.99%
8/5/2024,0.4886,0.5228,0.5255,0.4327,1.86B,-6.54%
8/6/2024,0.5061,0.4886,0.5182,0.4885,670.23M,3.57%
8/7/2024,0.5999,0.5061,0.6418,0.493,1.57B,18.54%
8/8/2024,0.6171,0.6,0.6408,0.5794,1.18B,2.87%
8/9/2024,0.5808,0.6172,0.6244,0.5688,735.73M,-5.89%
8/10/2024,0.5847,0.5805,0.6015,0.5781,353.10M,0.67%
8/11/2024,0.5525,0.5847,0.5931,0.5469,412.84M,-5.50%
8/12/2024,0.5686,0.5525,0.5784,0.5509,555.37M,2.92%
8/13/2024,0.5768,0.5686,0.5833,0.5628,419.43M,1.43%
8/14/2024,0.5687,0.577,0.582,0.566,414.40M,-1.39%
8/15/2024,0.5608,0.5688,0.5739,0.5515,450.35M,-1.40%
8/16/2024,0.5638,0.5607,0.5704,0.5541,364.61M,0.55%
8/17/2024,0.5665,0.5638,0.5707,0.5613,130.03M,0.46%
8/18/2024,0.5632,0.5664,0.5799,0.5631,197.13M,-0.57%
8/19/2024,0.5984,0.5632,0.6085,0.5615,592.92M,6.24%
8/20/2024,0.5941,0.5984,0.6148,0.5883,446.56M,-0.72%
8/21/2024,0.6001,0.5941,0.6052,0.5862,450.67M,1.02%
8/22/2024,0.5977,0.6001,0.6041,0.5926,341.13M,-0.41%
8/23/2024,0.6108,0.5977,0.6156,0.592,477.55M,2.20%
8/24/2024,0.6129,0.6108,0.6301,0.6047,396.20M,0.35%
8/25/2024,0.6003,0.6128,0.6138,0.5959,288.26M,-2.06%
8/26/2024,0.5875,0.6004,0.6021,0.5796,420.40M,-2.13%
8/27/2024,0.5674,0.5875,0.6002,0.5559,625.56M,-3.43%
8/28/2024,0.5693,0.5673,0.5844,0.5575,574.51M,0.35%
8/29/2024,0.5621,0.5694,0.5765,0.5588,343.44M,-1.27%
8/30/2024,0.5666,0.562,0.5675,0.5467,507.06M,0.81%
8/31/2024,0.5663,0.5667,0.572,0.5628,151.37M,-0.06%
9/1/2024,0.5477,0.5662,0.5667,0.5443,261.64M,-3.28%
9/2/2024,0.5677,0.5477,0.5686,0.5447,362.67M,3.64%
9/3/2024,0.5575,0.5677,0.5722,0.5572,364.31M,-1.79%
9/4/2024,0.5585,0.5575,0.5645,0.5353,528.86M,0.17%
9/5/2024,0.5444,0.5585,0.5597,0.5407,409.29M,-2.51%
9/6/2024,0.5211,0.5444,0.5472,0.5029,784.44M,-4.28%
9/7/2024,0.525,0.5211,0.5327,0.5198,202.43M,0.75%
9/8/2024,0.5291,0.525,0.5314,0.521,167.90M,0.77%
9/9/2024,0.5395,0.5294,0.5426,0.5272,364.21M,1.97%
9/10/2024,0.5408,0.5395,0.5427,0.5338,286.44M,0.23%
9/11/2024,0.5348,0.5408,0.5412,0.5235,388.46M,-1.11%
9/12/2024,0.5625,0.5348,0.5869,0.5334,630.37M,5.19%
9/13/2024,0.5728,0.5625,0.574,0.556,513.23M,1.82%
9/14/2024,0.5957,0.5727,0.599,0.5705,461.62M,4.00%
9/15/2024,0.5708,0.5956,0.5957,0.57,287.90M,-4.17%
9/16/2024,0.5857,0.5707,0.5911,0.5599,1.44M,2.60%
9/17/2024,0.5841,0.5866,0.5932,0.579,347.97M,-0.26%
9/18/2024,0.5854,0.5841,0.5857,0.5627,431.50M,0.22%
9/19/2024,0.5868,0.5854,0.5942,0.5813,469.48M,0.24%
9/20/2024,0.5851,0.5869,0.5927,0.5766,464.05M,-0.29%
9/21/2024,0.5977,0.5851,0.6116,0.5801,314.59M,2.15%
9/22/2024,0.5871,0.5977,0.6049,0.5791,265.08M,-1.78%
9/23/2024,0.5848,0.5871,0.5957,0.5793,357.59M,-0.40%
9/24/2024,0.5911,0.5847,0.5927,0.5815,378.99M,1.09%
9/25/2024,0.5833,0.5911,0.5955,0.5827,372.16M,-1.33%
9/26/2024,0.5904,0.5832,0.596,0.5756,462.40M,1.23%
9/27/2024,0.5886,0.5904,0.597,0.5826,478.93M,-0.32%
9/28/2024,0.614,0.5886,0.6258,0.5859,856.28M,4.33%
9/29/2024,0.6413,0.614,0.6638,0.6081,847.80M,4.44%
9/30/2024,0.6116,0.6413,0.6538,0.61,785.82M,-4.63%
10/1/2024,0.597,0.6116,0.634,0.5794,1.10B,-2.38%
10/2/2024,0.5391,0.597,0.6064,0.5291,1.20B,-9.70%
10/3/2024,0.5218,0.539,0.5442,0.5081,1.12B,-3.21%
10/4/2024,0.534,0.5218,0.5386,0.5151,584.94M,2.33%
10/5/2024,0.5294,0.534,0.5353,0.5262,235.37M,-0.85%
10/6/2024,0.5336,0.5294,0.5372,0.5281,196.36M,0.79%
10/7/2024,0.5291,0.5336,0.5458,0.529,489.53M,-0.84%
10/8/2024,0.5311,0.5291,0.5345,0.5216,341.11M,0.38%
10/9/2024,0.5244,0.5311,0.5344,0.5214,340.89M,-1.27%
10/10/2024,0.5304,0.5245,0.5442,0.5228,533.27M,1.14%
10/11/2024,0.5386,0.5304,0.5415,0.5296,385.98M,1.56%
10/12/2024,0.5394,0.5387,0.5431,0.5354,185.80M,0.14%
10/13/2024,0.532,0.5394,0.5394,0.5254,207.94M,-1.37%
10/14/2024,0.5484,0.532,0.552,0.5281,448.16M,3.09%
10/15/2024,0.5417,0.5484,0.5553,0.5335,555.17M,-1.23%
10/16/2024,0.5482,0.5417,0.5534,0.5377,453.27M,1.21%
10/17/2024,0.544,0.5482,0.5659,0.5421,621.61M,-0.78%
10/18/2024,0.5465,0.544,0.5528,0.5398,437.64M,0.46%
10/19/2024,0.5468,0.5465,0.5499,0.5454,392.36M,0.06%
10/20/2024,0.5481,0.5423,0.5486,0.5373,246.69M,0.24%
10/21/2024,0.5449,0.5481,0.5601,0.5412,564.03M,-0.57%
10/22/2024,0.5338,0.5449,0.5496,0.5295,503.58M,-2.04%
10/23/2024,0.5258,0.5339,0.5339,0.5126,436.67M,-1.50%
10/24/2024,0.532,0.5258,0.5338,0.5242,393.62M,1.18%
10/25/2024,0.5023,0.532,0.5322,0.4903,674.04M,-5.58%
10/26/2024,0.5134,0.5022,0.5151,0.4992,268.56M,2.20%
10/27/2024,0.5167,0.5134,0.5179,0.5108,148.09M,0.66%
10/28/2024,0.5194,0.5167,0.5216,0.5116,340.72M,0.51%
10/29/2024,0.5284,0.5194,0.5305,0.5182,468.74M,1.72%
10/30/2024,0.523,0.5284,0.5285,0.5195,359.85M,-1.01%
10/31/2024,0.5095,0.523,0.5237,0.5033,418.63M,-2.59%
11/1/2024,0.513,0.5095,0.5241,0.5028,568.72M,0.69%
11/2/2024,0.5102,0.5129,0.516,0.5065,164.96M,-0.56%
11/3/2024,0.5027,0.5102,0.5111,0.492,331.11M,-1.47%
11/4/2024,0.5035,0.5028,0.5145,0.4959,447.20M,0.17%
11/5/2024,0.5141,0.5036,0.5188,0.5019,433.03M,2.09%
11/6/2024,0.5419,0.5141,0.5467,0.5141,944.95M,5.41%
11/7/2024,0.5554,0.5419,0.5769,0.5378,736.69M,2.48%
11/8/2024,0.5537,0.5553,0.56,0.5416,553.24M,-0.30%
11/9/2024,0.5592,0.5537,0.5616,0.5441,495.79M,0.99%
11/10/2024,0.5883,0.5593,0.6172,0.5557,1.50B,5.20%
11/11/2024,0.6206,0.5884,0.634,0.5708,1.35B,5.49%
11/12/2024,0.7036,0.6207,0.7385,0.5984,3.40B,13.38%
11/13/2024,0.6902,0.7044,0.7473,0.6421,2.45B,-1.90%
11/14/2024,0.7726,0.6901,0.8477,0.6847,2.71B,11.93%
11/15/2024,0.8919,0.7727,0.9255,0.7713,2.83B,15.45%
11/16/2024,1.1187,0.892,1.2608,0.8784,3.85B,25.42%
11/17/2024,1.0539,1.1187,1.1575,1.0057,2.37B,-5.79%
11/18/2024,1.1146,1.054,1.1843,1.054,1.90B,5.76%
11/19/2024,1.1001,1.1143,1.1479,1.071,1.17B,-1.31%
11/20/2024,1.1044,1.1002,1.1498,1.0584,1.23B,0.40%
11/21/2024,1.2492,1.1043,1.2608,1.0797,1.99B,13.11%
11/22/2024,1.4698,1.2491,1.498,1.2484,3.07B,17.66%
11/23/2024,1.4683,1.4714,1.6292,1.4262,2.31B,-0.10%
11/24/2024,1.4338,1.4683,1.5113,1.2882,1.89B,-2.35%
11/25/2024,1.4133,1.4339,1.5367,1.3583,1.80B,-1.43%
11/26/2024,1.4013,1.4128,1.458,1.2853,1.08B,-0.85%
11/27/2024,1.4715,1.4001,1.5177,1.3547,9.98M,5.01%
11/28/2024,1.5424,1.4706,1.5457,1.4325,865.88M,4.81%
11/29/2024,1.7974,1.5423,1.8133,1.525,1.75B,16.54%
11/30/2024,1.9488,1.7981,1.955,1.7657,2.03B,8.42%
12/1/2024,2.297,1.9482,2.3446,1.8514,2.13B,17.87%
12/2/2024,2.7225,2.2969,2.8586,2.2182,2.67B,18.52%
12/3/2024,2.5121,2.7225,2.8928,2.3236,3.95B,-7.73%
12/4/2024,2.3608,2.5122,2.6745,2.2937,2.35B,-6.02%
12/5/2024,2.2449,2.3602,2.4962,2.1772,2.41B,-4.91%
12/6/2024,2.4251,2.2443,2.4634,2.2335,1.60B,8.03%
12/7/2024,2.4936,2.4252,2.5673,2.3874,1.39B,2.83%
12/8/2024,2.6037,2.5376,2.6467,2.4869,1.11B,4.41%
12/9/2024,2.2191,2.6028,2.6045,2.0628,2.50B,-14.77%
12/10/2024,2.3715,2.219,2.4149,1.9048,4.01B,6.87%
12/11/2024,2.394,2.3713,2.4677,2.2355,1.86B,0.95%
12/12/2024,2.3375,2.3945,2.4848,2.3145,1.35B,-2.36%
12/13/2024,2.4181,2.338,2.4722,2.2873,1.14B,3.45%
12/14/2024,2.3991,2.4199,2.5295,2.3564,167.34M,-0.79%
12/15/2024,2.4466,2.3997,2.4704,2.3691,691.64M,1.98%
12/16/2024,2.4854,2.4464,2.5773,2.3427,1.46B,1.59%
12/17/2024,2.5661,2.4855,2.7239,2.4423,1.94B,3.25%
12/18/2024,2.3062,2.5663,2.5882,2.2663,454.39M,-10.13%
12/19/2024,2.2392,2.3065,2.4308,2.1636,5.04B,-2.91%
12/20/2024,2.2791,2.2384,2.3536,1.9632,5.72B,1.78%
12/21/2024,2.237,2.2794,2.3852,2.2012,3.57B,-1.85%
12/22/2024,2.2024,2.2373,2.2929,2.1612,2.90B,-1.55%
12/23/2024,2.2621,2.2024,2.2769,2.133,1.99B,2.71%
12/24/2024,2.3228,2.2614,2.3496,2.2132,789.74M,2.68%
12/25/2024,2.2968,2.323,2.3314,2.2622,335.32M,-1.12%
12/26/2024,2.1555,2.2968,2.3143,2.1298,592.89M,-6.15%
12/27/2024,2.1455,2.1555,2.2357,2.1185,579.33M,-0.46%
12/28/2024,2.1833,2.1461,2.2049,2.1341,272.04M,1.76%
12/29/2024,2.0932,2.1833,2.1967,2.0734,322.42M,-4.13%
12/30/2024,2.0578,2.093,2.1488,2.0001,779.07M,-1.69%
12/31/2024,2.083,2.0579,2.1473,2.0105,502.70M,1.22%
1/1/2025,2.3298,2.0828,2.3508,2.0807,805.25M,11.85%
1/2/2025,2.4025,2.3298,2.4475,2.3298,866.95M,3.12%
1/3/2025,2.455,2.4023,2.4777,2.3967,593.42M,2.19%
1/4/2025,2.4193,2.455,2.5058,2.4023,436.41M,-1.46%
1/5/2025,2.3991,2.4198,2.4272,2.3324,387.20M,-0.83%
1/6/2025,2.4198,2.3991,2.457,2.3745,467.91M,0.86%
1/7/2025,2.2708,2.42,2.4647,2.2632,918.08M,-6.16%
1/8/2025,2.3737,2.271,2.3964,2.2049,965.19M,4.53%
1/9/2025,2.2732,2.3737,2.3925,2.2358,705.71M,-4.24%
1/10/2025,2.3413,2.2726,2.368,2.2507,608.36M,3.00%
1/11/2025,2.577,2.3412,2.5936,2.3261,848.50M,10.06%
1/12/2025,2.5047,2.5762,2.5801,2.4718,532.15M,-2.81%
1/13/2025,2.5235,2.5047,2.5618,2.3363,1.22B,0.75%
1/14/2025,2.6682,2.5234,2.6894,2.5135,945.35M,5.74%
1/15/2025,3.1431,2.668,3.1974,2.6511,2.27B,17.80%
1/16/2025,3.2428,3.1442,3.3954,2.935,2.37B,3.17%
1/17/2025,3.2914,3.2413,3.3522,3.1794,387.26M,1.50%
1/18/2025,3.2698,3.2912,3.2965,3.0656,489.88M,-0.66%
1/19/2025,2.9601,3.1964,3.2341,2.8723,1.41B,-9.47%
1/20/2025,3.1027,2.9591,3.3614,2.9169,1.95B,4.82%
1/21/2025,3.1735,3.1036,3.2394,3.0149,848.24M,2.28%
1/22/2025,3.178,3.1738,3.2815,3.1381,494.04M,0.14%
1/23/2025,3.1191,3.1785,3.1814,3.0385,505.87M,-1.86%
1/24/2025,3.1013,3.1193,3.2033,3.0551,557.77M,-0.57%
1/25/2025,3.1078,3.1013,3.1422,3.0791,254.44M,0.21%
1/26/2025,3.1187,3.1078,3.1435,3.1054,252.94M,0.35%
1/27/2025,3.0541,2.9654,3.0559,2.6962,1.48B,-2.07%
1/28/2025,3.0591,3.0548,3.2122,3.0075,837.79M,0.16%
1/29/2025,3.0679,3.0579,3.1299,2.9709,623.71M,0.29%
1/30/2025,3.1274,3.0679,3.1544,3.0496,416.34M,1.94%
1/31/2025,3.0349,3.1277,3.1322,3.0034,394.92M,-2.96%
2/1/2025,2.8778,3.0349,3.0709,2.8298,438.89M,-5.17%
2/2/2025,2.5796,2.8779,2.9552,2.4796,1.67B,-10.36%
2/3/2025,2.701,2.58,2.7791,1.8739,4.22B,4.71%
2/4/2025,2.5287,2.7,2.7797,2.4261,1.49B,-6.38%
2/5/2025,2.3795,2.5282,2.5673,2.3544,832.06M,-5.90%
2/6/2025,2.3271,2.3799,2.4672,2.2837,186.61M,-2.20%
2/7/2025,2.3972,2.3267,2.5353,2.2733,1.01B,3.01%
2/8/2025,2.4197,2.3971,2.4351,2.3527,384.30M,0.94%
2/9/2025,2.3939,2.4195,2.5052,2.3131,465.91M,-1.07%
2/10/2025,2.4234,2.3939,2.4724,2.3256,510.75M,1.24%
2/11/2025,2.4133,2.4235,2.5276,2.3745,585.08M,-0.42%
2/12/2025,2.4734,2.4133,2.4944,2.3372,598.43M,2.49%
2/13/2025,2.5591,2.4736,2.601,2.4173,539.11M,3.46%
2/14/2025,2.7381,2.5596,2.8285,2.5313,951.13M,6.99%
2/15/2025,2.7623,2.738,2.8304,2.7161,452.74M,0.88%
2/16/2025,2.7286,2.7623,2.803,2.6963,329.59M,-1.22%
2/17/2025,2.6596,2.7287,2.7632,2.6087,492.03M,-2.53%
2/18/2025,2.562,2.6596,2.668,2.4709,574.83M,-3.67%
2/19/2025,2.7379,2.5623,2.745,2.5149,541.70M,6.87%
2/20/2025,2.6881,2.7379,2.7473,2.6681,420.10M,-1.82%
2/21/2025,2.5714,2.6881,2.7127,2.5091,648.97M,-4.34%
2/22/2025,2.5742,2.5716,2.6085,2.5542,234.75M,0.11%
2/23/2025,2.5756,2.5734,2.5981,2.5214,232.81M,0.06%
2/24/2025,2.2752,2.5759,2.6028,2.243,867.28M,-11.67%
2/25/2025,2.3213,2.276,2.3627,2.067,1.73B,2.03%
2/26/2025,2.198,2.3213,2.3291,2.1536,903.29M,-5.31%
2/27/2025,2.1985,2.1978,2.2555,2.1462,596.66M,0.02%
2/28/2025,2.1455,2.1985,2.1997,1.9554,1.18B,-2.41%
3/1/2025,2.1901,2.1399,2.2177,2.1221,379.12M,2.08%
3/2/2025,2.9366,2.1902,2.9676,2.1757,1.99B,34.09%
3/3/2025,2.3857,2.9366,2.9436,2.3028,1.78B,-18.76%
3/4/2025,2.4545,2.37,2.5331,2.216,1.49B,2.88%
3/5/2025,2.5002,2.4542,2.5375,2.4115,627.19M,1.86%
3/6/2025,2.5998,2.5,2.6432,2.4723,716.44M,3.98%
3/7/2025,2.3855,2.603,2.6187,2.3512,1.18B,-8.24%
3/8/2025,2.3239,2.3855,2.408,2.3041,333.14M,-2.58%
3/9/2025,2.1358,2.3252,2.3505,2.0855,699.58M,-8.10%
3/10/2025,2.0153,2.1361,2.2553,1.9937,1.06B,-5.64%
3/11/2025,2.1699,2.0181,2.2121,1.906,1.08B,7.67%
3/12/2025,2.2391,2.1724,2.2614,2.1365,740.78M,3.19%
3/13/2025,2.2522,2.2388,2.3448,2.2154,717.08M,0.58%
3/14/2025,2.3551,2.2441,2.3883,2.2385,537.83M,4.57%
3/15/2025,2.3912,2.3553,2.4733,2.3544,413.81M,1.53%
3/16/2025,2.2944,2.3882,2.4093,2.2699,421.68M,-4.05%
3/17/2025,2.3381,2.295,2.378,2.295,400.80M,1.91%
3/18/2025,2.2851,2.3379,2.3392,2.2237,456.47M,-2.27%
3/19/2025,2.5434,2.2815,2.5806,2.2659,1.11B,11.30%
3/20/2025,2.4358,2.5461,2.5549,2.3923,610.64M,-4.23%
3/21/2025,2.3801,2.4356,2.4653,2.3588,399.74M,-2.29%
3/22/2025,2.371,2.3802,2.4162,2.3599,189.14M,-0.38%
3/23/2025,2.4393,2.371,2.4396,2.3656,254.73M,2.88%
3/24/2025,2.4503,2.4391,2.5013,2.4142,373.50M,0.45%
3/25/2025,2.4494,2.4502,2.4737,2.4077,289.87M,-0.04%
3/26/2025,2.3493,2.4494,2.4778,2.3298,362.11M,-4.09%
3/27/2025,2.3409,2.3493,2.3898,2.3041,322.28M,-0.36%
3/28/2025,2.2068,2.3403,2.3428,2.1558,581.18M,-5.73%
3/29/2025,2.1343,2.2068,2.2244,2.0625,540.82M,-3.28%
3/30/2025,2.1363,2.1344,2.2133,2.1091,390.35M,0.09%
3/31/2025,2.0896,2.1364,2.1391,2.0238,613.96M,-2.18%
4/1/2025,2.1387,2.0897,2.1947,2.0659,559.13M,2.35%
4/2/2025,2.022,2.136,2.2234,1.9877,834.52M,-5.45%
4/3/2025,2.0632,2.023,2.0809,1.9616,753.70M,2.04%
4/4/2025,2.1298,2.0633,2.1552,2.0187,696.26M,3.23%
4/5/2025,2.1446,2.1299,2.1746,2.1143,229.17M,0.70%
4/6/2025,1.9214,2.1442,2.1587,1.8669,683.71M,-10.41%
4/7/2025,1.8971,1.9214,1.9989,1.6283,2.16B,-1.26%
4/8/2025,1.7956,1.8975,1.9723,1.7795,951.88M,-5.35%
4/9/2025,2.0532,1.7954,2.0883,1.7234,1.37B,14.35%
4/10/2025,1.9659,2.0532,2.0549,1.925,682.74M,-4.25%
4/11/2025,2.0224,1.9659,2.0642,1.9475,502.48M,2.87%
4/12/2025,2.1601,2.0226,2.1807,2.0045,456.35M,6.81%
4/13/2025,2.1185,2.1599,2.2348,2.0822,549.37M,-1.92%
4/14/2025,2.127,2.1191,2.1781,2.1066,416.34M,0.40%
4/15/2025,2.0857,2.1271,2.184,2.0843,392.88M,-1.94%
4/16/2025,2.0837,2.0854,2.1193,2.0374,453.02M,-0.10%
4/17/2025,2.0669,2.0836,2.1137,2.0531,328.25M,-0.81%
4/18/2025,2.0621,2.0669,2.0886,2.0445,232.83M,-0.23%
4/19/2025,2.087,2.062,2.0972,2.0587,164.10M,1.21%
4/20/2025,2.0786,2.087,2.094,2.0402,223.97M,-0.41%
4/21/2025,2.0855,2.0786,2.14,2.0604,372.83M,0.33%
4/22/2025,2.2129,2.0855,2.2476,2.0658,580.85M,6.11%
4/23/2025,2.2187,2.2132,2.3002,2.1923,641.97M,0.26%
4/24/2025,2.2053,2.2187,2.2276,2.1206,521.16M,-0.60%
4/25/2025,2.1815,2.2054,2.2182,2.1651,385.53M,-1.08%
4/26/2025,2.191,2.1815,2.2471,2.1803,254.11M,0.44%
4/27/2025,2.2521,2.191,2.2925,2.1604,468.69M,2.79%
4/28/2025,2.2946,2.2498,2.3537,2.2203,530.09M,1.89%
4/29/2025,2.2383,2.2946,2.3141,2.2222,337.43M,-2.45%
4/30/2025,2.191,2.2383,2.2586,2.1268,472.41M,-2.12%
5/1/2025,2.2128,2.1909,2.2551,2.1884,294.23M,1.00%
5/2/2025,2.2092,2.2128,2.2397,2.1932,278.80M,-0.16%
5/3/2025,2.1879,2.2091,2.2197,2.1775,160.58M,-0.96%
5/4/2025,2.1566,2.1879,2.2178,2.1515,191.18M,-1.43%
5/5/2025,2.1321,2.1564,2.195,2.1077,366.03M,-1.14%
5/6/2025,2.1544,2.1316,2.1589,2.0784,332.10M,1.05%
5/7/2025,2.1264,2.1546,2.1712,2.1061,272.72M,-1.30%
5/8/2025,2.3268,2.1263,2.3269,2.1179,607.43M,9.42%
5/9/2025,2.3438,2.3267,2.4286,2.288,717.66M,0.73%
5/10/2025,2.4708,2.3438,2.4754,2.3373,476.97M,5.42%
5/11/2025,2.3672,2.4636,2.4815,2.3298,431.81M,-4.19%
5/12/2025,2.5465,2.3654,2.6508,2.3538,1.19B,7.57%
5/13/2025,2.5831,2.5462,2.6053,2.4255,606.65M,1.44%
5/14/2025,2.5508,2.5826,2.6483,2.5205,529.13M,-1.25%
5/15/2025,2.3851,2.5506,2.5709,2.3552,544.73M,-6.49%
5/16/2025,2.3797,2.3852,2.439,2.3491,377.92M,-0.23%
5/17/2025,2.3534,2.3797,2.3888,2.3001,298.18M,-1.11%
5/18/2025,2.4294,2.3534,2.4474,2.3363,295.68M,3.23%
5/19/2025,2.3805,2.4291,2.4385,2.2852,415.38M,-2.01%
5/20/2025,2.3563,2.3805,2.4084,2.3152,340.24M,-1.02%
5/21/2025,2.3955,2.3563,2.4287,2.3319,436.84M,1.66%
5/22/2025,2.4315,2.3955,2.4537,2.3907,379.42M,1.50%
5/23/2025,2.2964,2.4314,2.4797,2.2857,533.03M,-5.56%
5/24/2025,2.3305,2.2964,2.3595,2.2882,161.91M,1.49%
5/25/2025,2.3422,2.3305,2.3442,2.2673,239.35M,0.50%
5/26/2025,2.3108,2.3423,2.3586,2.2965,216.04M,-1.34%
5/27/2025,2.317,2.3107,2.3539,2.2695,266.93M,0.27%
5/28/2025,2.2746,2.317,2.3224,2.229,286.53M,-1.83%
5/29/2025,2.2446,2.2746,2.311,2.239,278.23M,-1.32%
5/30/2025,2.1394,2.2446,2.2518,2.1328,503.88M,-4.69%
5/31/2025,2.1738,2.1412,2.2054,2.0814,308.45M,1.61%
6/1/2025,2.179,2.1738,2.1876,2.1253,191.24M,0.24%
6/2/2025,2.1966,2.1793,2.2041,2.1365,268.80M,0.81%
6/3/2025,2.2448,2.1965,2.2807,2.1846,264.12M,2.20%
6/4/2025,2.2013,2.2448,2.2654,2.1959,231.79M,-1.94%
6/5/2025,2.0941,2.2013,2.2262,2.0618,410.98M,-4.87%
6/6/2025,2.16,2.0941,2.19,2.0834,270.67M,3.15%
6/7/2025,2.1771,2.1612,2.1907,2.1482,124.92M,0.79%
6/8/2025,2.2672,2.1771,2.2951,2.167,306.78M,4.14%
6/9/2025,2.321,2.267,2.3285,2.2232,350.13M,2.37%
6/10/2025,2.3073,2.3212,2.3258,2.2625,302.29M,-0.59%
6/11/2025,2.2707,2.3072,2.3377,2.2543,300.23M,-1.59%
6/12/2025,2.191,2.2707,2.2729,2.1715,298.38M,-3.51%
6/13/2025,2.1478,2.191,2.191,2.085,528.79M,-1.97%
6/14/2025,2.1396,2.1478,2.1782,2.1112,200.49M,-0.38%
6/15/2025,2.1656,2.1396,2.1752,2.1383,136.20M,1.21%
6/16/2025,2.2349,2.1656,2.3362,2.1517,542.39M,3.20%
6/17/2025,2.159,2.2367,2.2563,2.1431,459.24M,-3.40%
6/18/2025,2.1704,2.1591,2.1802,2.1189,298.05M,0.53%
6/19/2025,2.1653,2.1704,2.1828,2.1446,170.33M,-0.24%
6/20/2025,2.1194,2.1623,2.1791,2.087,292.52M,-2.12%
6/21/2025,2.0636,2.1195,2.1449,2.0107,279.03M,-2.63%
6/22/2025,2.0187,2.0636,2.0884,1.9116,647.24M,-2.17%
6/23/2025,2.1607,2.018,2.169,1.9634,576.18M,7.03%
6/24/2025,2.1897,2.1607,2.2155,2.1322,399.49M,1.35%
6/25/2025,2.1856,2.1897,2.2272,2.1703,270.88M,-0.19%
6/26/2025,2.1047,2.1857,2.2122,2.0963,342.03M,-3.70%
6/27/2025,2.1417,2.1048,2.1532,2.0689,357.20M,1.75%
6/28/2025,2.1857,2.1421,2.2074,2.1347,210.29M,2.06%
6/29/2025,2.2067,2.1847,2.2193,2.1758,136.22M,0.96%
6/30/2025,2.2371,2.2064,2.3254,2.1693,443.76M,1.38%
7/1/2025,2.172,2.2366,2.2529,2.1485,353.51M,-2.91%
7/2/2025,2.2332,2.1719,2.2852,2.1596,402.50M,2.82%
7/3/2025,2.2568,2.2336,2.3099,2.2257,413.63M,1.06%
7/4/2025,2.2205,2.2569,2.2678,2.1977,205.03M,-1.61%
7/5/2025,2.2179,2.2206,2.2335,2.2021,101.86M,-0.12%
7/6/2025,2.2713,2.2175,2.2882,2.2092,239.69M,2.41%
7/7/2025,2.2714,2.2707,2.352,2.2561,477.75M,0.00%
7/8/2025,2.3107,2.2703,2.3217,2.2489,316.62M,1.73%
7/9/2025,2.4041,2.3109,2.427,2.2979,503.37M,4.04%
7/10/2025,2.5467,2.4039,2.5667,2.3966,595.88M,5.93%
7/11/2025,2.7326,2.5444,2.9691,2.5139,1.52B,7.30%
7/12/2025,2.7376,2.7328,2.8471,2.6645,874.01M,0.18%
7/13/2025,2.8359,2.7346,2.8899,2.7249,681.40M,3.59%
7/14/2025,2.9595,2.8363,3.0288,2.8241,1.14B,4.36%
7/15/2025,2.9192,2.9524,2.9549,2.8067,767.11M,-1.36%
7/16/2025,3.0388,2.9192,3.0985,2.8799,714.47M,4.10%
7/17/2025,3.4836,3.0391,3.5444,2.9929,1.50B,14.64%
7/18/2025,3.4148,3.484,3.6556,3.3488,1.33B,-1.98%
7/19/2025,3.4245,3.4157,3.4841,3.3578,456.83M,0.29%
7/20/2025,3.456,3.4238,3.5559,3.3877,650.70M,0.92%
7/21/2025,3.5506,3.4554,3.648,3.4092,714.71M,2.74%
7/22/2025,3.5515,3.5501,3.5778,3.424,633.68M,0.03%
7/23/2025,3.1834,3.5514,3.5514,3.0585,1.07B,-10.37%
7/24/2025,3.1448,3.1829,3.2639,2.9686,944.09M,-1.21%
7/25/2025,3.1417,3.1448,3.1603,3.0035,581.48M,-0.10%
7/26/2025,3.1658,3.142,3.2173,3.1094,233.60M,0.77%
7/27/2025,3.2386,3.166,3.2504,3.1585,304.90M,2.30%
7/28/2025,3.1223,3.2388,3.3296,3.1101,669.20M,-3.59%
7/29/2025,3.1281,3.1223,3.1852,3.0561,422.27M,0.19%
7/30/2025,3.0958,3.1282,3.1602,3.0066,459.44M,-1.03%
7/31/2025,3.0216,3.0958,3.1771,3.0131,363.13M,-2.40%
8/1/2025,2.9608,3.022,3.0571,2.8967,691.86M,-2.02%
8/2/2025,2.7694,2.9604,3.0199,2.7457,477.83M,-6.46%
8/3/2025,2.9477,2.7696,2.9608,2.7295,393.65M,6.44%
8/4/2025,3.0718,2.948,3.0891,2.9338,421.91M,4.21%
8/5/2025,2.9625,3.0715,3.1066,2.9179,379.96M,-3.56%
8/6/2025,2.9909,2.9621,3.017,2.9027,299.87M,0.96%
8/7/2025,3.3199,2.9908,3.3291,2.9652,536.01M,11.00%
8/8/2025,3.3607,3.3195,3.373,3.2759,696.12M,1.23%
